Timestamp,Object Name,Event,MasterZone_ActuatorNode_actuator_Switch 0 Status,MasterZone_ActuatorNode_actuator_Switch 1 Status,MasterZone_ActuatorNode_actuator_Switch 2 Status,MasterZone_ActuatorNode_actuator_Switch 3 Status,MasterZone_SpeakerNode_speaker_Played Message,MasterZone_GateNode_relay_Switch 0 Status,MasterZone_ActuatorNode_actuator_Connected Device 3,MasterZone_ActuatorNode_actuator_Connected Device 2,MasterZone_ActuatorNode_actuator_Connected Device 1,MasterZone_ActuatorNode_actuator_Connected Device 0,MasterZone_GateNode_relay_Connected Device 0,MasterZone_BuzzerNode_actuator_Connected Device 0,MasterZone_GateNode_scanner_ID,MasterZone_BuzzerNode_actuator_Switch 0 Status
2024-11-20T02:54:44.509630200,MasterZone_ControlNode,Started,Uninitialized,Uninitialized,Uninitialized,Uninitialized,Uninitialized,Uninitialized,Uninitialized,Uninitialized,Uninitialized,Uninitialized,Uninitialized,Uninitialized,Uninitialized,Uninitialized
2024-11-20T02:54:44.541659500,MasterZone_ControlNode,Received (2) new packet from slave node [MasterZone_BuzzerNode],Uninitialized,Uninitialized,Uninitialized,Uninitialized,Uninitialized,Uninitialized,Uninitialized,Uninitialized,Uninitialized,Uninitialized,Uninitialized,Uninitialized,Uninitialized,Uninitialized
2024-11-20T02:54:44.542668,MasterZone_ControlNode,Received (1) new packet from slave node [MasterZone_SpeakerNode],Uninitialized,Uninitialized,Uninitialized,Uninitialized,Uninitialized,Uninitialized,Uninitialized,Uninitialized,Uninitialized,Uninitialized,Uninitialized,Uninitialized,Uninitialized,Uninitialized
2024-11-20T02:54:44.546525800,MasterZone_ControlNode,Gate [MasterZone_GateNode] queried permission status for ID [Uninitialized]. Permission [DENIED],Uninitialized,Uninitialized,Uninitialized,Uninitialized,Uninitialized,Uninitialized,Uninitialized,Uninitialized,Uninitialized,Uninitialized,Uninitialized,MasterZone_BuzzerNode_actuator_buzzer,Uninitialized,false
2024-11-20T02:54:44.557121900,MasterZone_ControlNode,Received (8) new packet from slave node [MasterZone_ActuatorNode],Uninitialized,Uninitialized,Uninitialized,Uninitialized,Uninitialized,Uninitialized,Uninitialized,Uninitialized,Uninitialized,Uninitialized,Uninitialized,MasterZone_BuzzerNode_actuator_buzzer,Uninitialized,false
2024-11-20T02:54:45.038770800,MasterZone_ControlNode,Received (2) new packet from slave node [MasterZone_GateNode],false,false,false,false,Uninitialized,Uninitialized,Disconnected,Disconnected,Disconnected,Disconnected,Uninitialized,MasterZone_BuzzerNode_actuator_buzzer,Uninitialized,false
2024-11-20T02:54:45.195720300,MasterZone_ControlNode,Received (1) new packet from slave node [MasterZone_SpeakerNode],false,false,false,false,Uninitialized,false,Disconnected,Disconnected,Disconnected,Disconnected,MasterZone_GateNode_motor,MasterZone_BuzzerNode_actuator_buzzer,Uninitialized,false
2024-11-20T02:54:45.199725600,MasterZone_ControlNode,Received (2) new packet from slave node [MasterZone_BuzzerNode],false,false,false,false,Uninitialized,false,Disconnected,Disconnected,Disconnected,Disconnected,MasterZone_GateNode_motor,MasterZone_BuzzerNode_actuator_buzzer,Uninitialized,false
2024-11-20T02:54:45.476101800,MasterZone_ControlNode,Received (8) new packet from slave node [MasterZone_ActuatorNode],false,false,false,false,Uninitialized,false,Disconnected,Disconnected,Disconnected,Disconnected,MasterZone_GateNode_motor,MasterZone_BuzzerNode_actuator_buzzer,Uninitialized,false
2024-11-20T02:54:45.586692,MasterZone_ControlNode,Gate [MasterZone_GateNode] queried permission status for ID [Uninitialized]. Permission [DENIED],false,false,false,false,Uninitialized,false,Disconnected,Disconnected,Disconnected,Disconnected,MasterZone_GateNode_motor,MasterZone_BuzzerNode_actuator_buzzer,Uninitialized,false
2024-11-20T02:54:45.615829800,MasterZone_ControlNode,Received (2) new packet from slave node [MasterZone_GateNode],false,false,false,false,Uninitialized,false,Disconnected,Disconnected,Disconnected,Disconnected,MasterZone_GateNode_motor,MasterZone_BuzzerNode_actuator_buzzer,Uninitialized,false
2024-11-20T02:54:45.768105400,MasterZone_ControlNode,Received (1) new packet from slave node [MasterZone_SpeakerNode],false,false,false,false,Uninitialized,false,Disconnected,Disconnected,Disconnected,Disconnected,MasterZone_GateNode_motor,MasterZone_BuzzerNode_actuator_buzzer,Uninitialized,false
2024-11-20T02:54:45.779085900,MasterZone_ControlNode,Received (2) new packet from slave node [MasterZone_BuzzerNode],false,false,false,false,Uninitialized,false,Disconnected,Disconnected,Disconnected,Disconnected,MasterZone_GateNode_motor,MasterZone_BuzzerNode_actuator_buzzer,Uninitialized,false
2024-11-20T02:54:46.038379500,MasterZone_ControlNode,Received (8) new packet from slave node [MasterZone_ActuatorNode],false,false,false,false,Uninitialized,false,Disconnected,Disconnected,Disconnected,Disconnected,MasterZone_GateNode_motor,MasterZone_BuzzerNode_actuator_buzzer,Uninitialized,false
2024-11-20T02:54:46.163935900,MasterZone_ControlNode,Gate [MasterZone_GateNode] queried permission status for ID [Uninitialized]. Permission [DENIED],false,false,false,false,Uninitialized,false,Disconnected,Disconnected,Disconnected,Disconnected,MasterZone_GateNode_motor,MasterZone_BuzzerNode_actuator_buzzer,Uninitialized,false
2024-11-20T02:54:46.202305500,MasterZone_ControlNode,Received (2) new packet from slave node [MasterZone_GateNode],false,false,false,false,Uninitialized,false,Disconnected,Disconnected,Disconnected,Disconnected,MasterZone_GateNode_motor,MasterZone_BuzzerNode_actuator_buzzer,Uninitialized,false
2024-11-20T02:54:46.299744700,MasterZone_ControlNode,Received (1) new packet from slave node [MasterZone_SpeakerNode],false,false,false,false,Uninitialized,false,Disconnected,Disconnected,Disconnected,Disconnected,MasterZone_GateNode_motor,MasterZone_BuzzerNode_actuator_buzzer,Uninitialized,false
2024-11-20T02:54:46.360800600,MasterZone_ControlNode,Received (2) new packet from slave node [MasterZone_BuzzerNode],false,false,false,false,Uninitialized,false,Disconnected,Disconnected,Disconnected,Disconnected,MasterZone_GateNode_motor,MasterZone_BuzzerNode_actuator_buzzer,Uninitialized,false
2024-11-20T02:54:46.473069800,MasterZone_ControlNode,Received new packet from control node [Zone1_ControlNode],false,false,false,false,Uninitialized,false,Disconnected,Disconnected,Disconnected,Disconnected,MasterZone_GateNode_motor,MasterZone_BuzzerNode_actuator_buzzer,Uninitialized,false
2024-11-20T02:54:46.598796200,MasterZone_ControlNode,Received (8) new packet from slave node [MasterZone_ActuatorNode],false,false,false,false,Uninitialized,false,Disconnected,Disconnected,Disconnected,Disconnected,MasterZone_GateNode_motor,MasterZone_BuzzerNode_actuator_buzzer,Uninitialized,false
2024-11-20T02:54:46.754850700,MasterZone_ControlNode,Gate [MasterZone_GateNode] queried permission status for ID [Uninitialized]. Permission [DENIED],false,false,false,false,Uninitialized,false,Disconnected,Disconnected,Disconnected,Disconnected,MasterZone_GateNode_motor,MasterZone_BuzzerNode_actuator_buzzer,Uninitialized,false
2024-11-20T02:54:46.785707,MasterZone_ControlNode,Received (2) new packet from slave node [MasterZone_GateNode],false,false,false,false,Uninitialized,false,Disconnected,Disconnected,Disconnected,Disconnected,MasterZone_GateNode_motor,MasterZone_BuzzerNode_actuator_buzzer,Uninitialized,false
2024-11-20T02:54:46.847317100,MasterZone_ControlNode,Received (1) new packet from slave node [MasterZone_SpeakerNode],false,false,false,false,Uninitialized,false,Disconnected,Disconnected,Disconnected,Disconnected,MasterZone_GateNode_motor,MasterZone_BuzzerNode_actuator_buzzer,Uninitialized,false
2024-11-20T02:54:46.893153600,MasterZone_ControlNode,Received (2) new packet from slave node [MasterZone_BuzzerNode],false,false,false,false,Uninitialized,false,Disconnected,Disconnected,Disconnected,Disconnected,MasterZone_GateNode_motor,MasterZone_BuzzerNode_actuator_buzzer,Uninitialized,false
2024-11-20T02:54:47.160353700,MasterZone_ControlNode,Received (8) new packet from slave node [MasterZone_ActuatorNode],false,false,false,false,Uninitialized,false,Disconnected,Disconnected,Disconnected,Disconnected,MasterZone_GateNode_motor,MasterZone_BuzzerNode_actuator_buzzer,Uninitialized,false
2024-11-20T02:54:47.334485,MasterZone_ControlNode,Gate [MasterZone_GateNode] queried permission status for ID [Uninitialized]. Permission [DENIED],false,false,false,false,Uninitialized,false,Disconnected,Disconnected,Disconnected,Disconnected,MasterZone_GateNode_motor,MasterZone_BuzzerNode_actuator_buzzer,Uninitialized,false
2024-11-20T02:54:47.363243900,MasterZone_ControlNode,Received (2) new packet from slave node [MasterZone_GateNode],false,false,false,false,Uninitialized,false,Disconnected,Disconnected,Disconnected,Disconnected,MasterZone_GateNode_motor,MasterZone_BuzzerNode_actuator_buzzer,Uninitialized,false
2024-11-20T02:54:47.364374800,MasterZone_ControlNode,Received new packet from control node [Zone1_ControlNode],false,false,false,false,Uninitialized,false,Disconnected,Disconnected,Disconnected,Disconnected,MasterZone_GateNode_motor,MasterZone_BuzzerNode_actuator_buzzer,Uninitialized,false
2024-11-20T02:54:47.394174600,MasterZone_ControlNode,Received (1) new packet from slave node [MasterZone_SpeakerNode],false,false,false,false,Uninitialized,false,Disconnected,Disconnected,Disconnected,Disconnected,MasterZone_GateNode_motor,MasterZone_BuzzerNode_actuator_buzzer,Uninitialized,false
2024-11-20T02:54:47.426185600,MasterZone_ControlNode,Received (2) new packet from slave node [MasterZone_BuzzerNode],false,false,false,false,Uninitialized,false,Disconnected,Disconnected,Disconnected,Disconnected,MasterZone_GateNode_motor,MasterZone_BuzzerNode_actuator_buzzer,Uninitialized,false
2024-11-20T02:54:47.718337600,MasterZone_ControlNode,Received (8) new packet from slave node [MasterZone_ActuatorNode],false,false,false,false,Uninitialized,false,Disconnected,Disconnected,Disconnected,Disconnected,MasterZone_GateNode_motor,MasterZone_BuzzerNode_actuator_buzzer,Uninitialized,false
2024-11-20T02:54:47.906441800,MasterZone_ControlNode,Gate [MasterZone_GateNode] queried permission status for ID [Uninitialized]. Permission [DENIED],false,false,false,false,Uninitialized,false,Disconnected,Disconnected,Disconnected,Disconnected,MasterZone_GateNode_motor,MasterZone_BuzzerNode_actuator_buzzer,Uninitialized,false
2024-11-20T02:54:47.929286100,MasterZone_ControlNode,Received (2) new packet from slave node [MasterZone_GateNode],false,false,false,false,Uninitialized,false,Disconnected,Disconnected,Disconnected,Disconnected,MasterZone_GateNode_motor,MasterZone_BuzzerNode_actuator_buzzer,Uninitialized,false
2024-11-20T02:54:47.935303600,MasterZone_ControlNode,Received (1) new packet from slave node [MasterZone_SpeakerNode],false,false,false,false,Uninitialized,false,Disconnected,Disconnected,Disconnected,Disconnected,MasterZone_GateNode_motor,MasterZone_BuzzerNode_actuator_buzzer,Uninitialized,false
2024-11-20T02:54:47.968547600,MasterZone_ControlNode,Received (2) new packet from slave node [MasterZone_BuzzerNode],false,false,false,false,Uninitialized,false,Disconnected,Disconnected,Disconnected,Disconnected,MasterZone_GateNode_motor,MasterZone_BuzzerNode_actuator_buzzer,Uninitialized,false
2024-11-20T02:54:48.240790,MasterZone_ControlNode,Received new packet from control node [Zone1_ControlNode],false,false,false,false,Uninitialized,false,Disconnected,Disconnected,Disconnected,Disconnected,MasterZone_GateNode_motor,MasterZone_BuzzerNode_actuator_buzzer,Uninitialized,false
2024-11-20T02:54:48.280454600,MasterZone_ControlNode,Received (8) new packet from slave node [MasterZone_ActuatorNode],false,false,false,false,Uninitialized,false,Disconnected,Disconnected,Disconnected,Disconnected,MasterZone_GateNode_motor,MasterZone_BuzzerNode_actuator_buzzer,Uninitialized,false
2024-11-20T02:54:48.468721500,MasterZone_ControlNode,Gate [MasterZone_GateNode] queried permission status for ID [Uninitialized]. Permission [DENIED],false,false,false,false,Uninitialized,false,Disconnected,Disconnected,Disconnected,Disconnected,MasterZone_GateNode_motor,MasterZone_BuzzerNode_actuator_buzzer,Uninitialized,false
2024-11-20T02:54:48.481716700,MasterZone_ControlNode,Received (1) new packet from slave node [MasterZone_SpeakerNode],false,false,false,false,Uninitialized,false,Disconnected,Disconnected,Disconnected,Disconnected,MasterZone_GateNode_motor,MasterZone_BuzzerNode_actuator_buzzer,Uninitialized,false
2024-11-20T02:54:48.513365,MasterZone_ControlNode,Received (2) new packet from slave node [MasterZone_GateNode],false,false,false,false,Uninitialized,false,Disconnected,Disconnected,Disconnected,Disconnected,MasterZone_GateNode_motor,MasterZone_BuzzerNode_actuator_buzzer,Uninitialized,false
2024-11-20T02:54:48.529497,MasterZone_ControlNode,Received (2) new packet from slave node [MasterZone_BuzzerNode],false,false,false,false,Uninitialized,false,Disconnected,Disconnected,Disconnected,Disconnected,MasterZone_GateNode_motor,MasterZone_BuzzerNode_actuator_buzzer,Uninitialized,false
2024-11-20T02:54:48.840858900,MasterZone_ControlNode,Received (8) new packet from slave node [MasterZone_ActuatorNode],false,false,false,false,Uninitialized,false,Disconnected,Disconnected,Disconnected,Disconnected,MasterZone_GateNode_motor,MasterZone_BuzzerNode_actuator_buzzer,Uninitialized,false
2024-11-20T02:54:49.029433200,MasterZone_ControlNode,Received (1) new packet from slave node [MasterZone_SpeakerNode],false,false,false,false,Uninitialized,false,Disconnected,Disconnected,Disconnected,Disconnected,MasterZone_GateNode_motor,MasterZone_BuzzerNode_actuator_buzzer,Uninitialized,false
2024-11-20T02:54:49.079149200,MasterZone_ControlNode,Gate [MasterZone_GateNode] queried permission status for ID [Uninitialized]. Permission [DENIED],false,false,false,false,Uninitialized,false,Disconnected,Disconnected,Disconnected,Disconnected,MasterZone_GateNode_motor,MasterZone_BuzzerNode_actuator_buzzer,Uninitialized,false
2024-11-20T02:54:49.082222600,MasterZone_ControlNode,Received new packet from control node [Zone1_ControlNode],false,false,false,false,Uninitialized,false,Disconnected,Disconnected,Disconnected,Disconnected,MasterZone_GateNode_motor,MasterZone_BuzzerNode_actuator_buzzer,Uninitialized,false
2024-11-20T02:54:49.106781300,MasterZone_ControlNode,Received (2) new packet from slave node [MasterZone_BuzzerNode],false,false,false,false,Uninitialized,false,Disconnected,Disconnected,Disconnected,Disconnected,MasterZone_GateNode_motor,MasterZone_BuzzerNode_actuator_buzzer,Uninitialized,false
2024-11-20T02:54:49.111763100,MasterZone_ControlNode,Received (2) new packet from slave node [MasterZone_GateNode],false,false,false,false,Uninitialized,false,Disconnected,Disconnected,Disconnected,Disconnected,MasterZone_GateNode_motor,MasterZone_BuzzerNode_actuator_buzzer,Uninitialized,false
2024-11-20T02:54:49.372698500,MasterZone_ControlNode,Received (8) new packet from slave node [MasterZone_ActuatorNode],false,false,false,false,Uninitialized,false,Disconnected,Disconnected,Disconnected,Disconnected,MasterZone_GateNode_motor,MasterZone_BuzzerNode_actuator_buzzer,Uninitialized,false
2024-11-20T02:54:49.572414600,MasterZone_ControlNode,Received (1) new packet from slave node [MasterZone_SpeakerNode],false,false,false,false,Uninitialized,false,Disconnected,Disconnected,Disconnected,Disconnected,MasterZone_GateNode_motor,MasterZone_BuzzerNode_actuator_buzzer,Uninitialized,false
2024-11-20T02:54:49.633604100,MasterZone_ControlNode,Received (2) new packet from slave node [MasterZone_BuzzerNode],false,false,false,false,Uninitialized,false,Disconnected,Disconnected,Disconnected,Disconnected,MasterZone_GateNode_motor,MasterZone_BuzzerNode_actuator_buzzer,Uninitialized,false
2024-11-20T02:54:49.651150300,MasterZone_ControlNode,Gate [MasterZone_GateNode] queried permission status for ID [Uninitialized]. Permission [DENIED],false,false,false,false,Uninitialized,false,Disconnected,Disconnected,Disconnected,Disconnected,MasterZone_GateNode_motor,MasterZone_BuzzerNode_actuator_buzzer,Uninitialized,false
2024-11-20T02:54:49.683076900,MasterZone_ControlNode,Received (2) new packet from slave node [MasterZone_GateNode],false,false,false,false,Uninitialized,false,Disconnected,Disconnected,Disconnected,Disconnected,MasterZone_GateNode_motor,MasterZone_BuzzerNode_actuator_buzzer,Uninitialized,false
2024-11-20T02:54:49.916045900,MasterZone_ControlNode,Received (8) new packet from slave node [MasterZone_ActuatorNode],false,false,false,false,Uninitialized,false,Disconnected,Disconnected,Disconnected,Disconnected,MasterZone_GateNode_motor,MasterZone_BuzzerNode_actuator_buzzer,Uninitialized,false
2024-11-20T02:54:49.947663900,MasterZone_ControlNode,Received new packet from control node [Zone1_ControlNode],false,false,false,false,Uninitialized,false,Disconnected,Disconnected,Disconnected,Disconnected,MasterZone_GateNode_motor,MasterZone_BuzzerNode_actuator_buzzer,Uninitialized,false
2024-11-20T02:54:50.119688900,MasterZone_ControlNode,Received (1) new packet from slave node [MasterZone_SpeakerNode],false,false,false,false,Uninitialized,false,Disconnected,Disconnected,Disconnected,Disconnected,MasterZone_GateNode_motor,MasterZone_BuzzerNode_actuator_buzzer,Uninitialized,false
2024-11-20T02:54:50.169149700,MasterZone_ControlNode,Received (2) new packet from slave node [MasterZone_BuzzerNode],false,false,false,false,Uninitialized,false,Disconnected,Disconnected,Disconnected,Disconnected,MasterZone_GateNode_motor,MasterZone_BuzzerNode_actuator_buzzer,Uninitialized,false
2024-11-20T02:54:50.216153900,MasterZone_ControlNode,Gate [MasterZone_GateNode] queried permission status for ID [Uninitialized]. Permission [DENIED],false,false,false,false,Uninitialized,false,Disconnected,Disconnected,Disconnected,Disconnected,MasterZone_GateNode_motor,MasterZone_BuzzerNode_actuator_buzzer,Uninitialized,false
2024-11-20T02:54:50.262940200,MasterZone_ControlNode,Received (2) new packet from slave node [MasterZone_GateNode],false,false,false,false,Uninitialized,false,Disconnected,Disconnected,Disconnected,Disconnected,MasterZone_GateNode_motor,MasterZone_BuzzerNode_actuator_buzzer,Uninitialized,false
2024-11-20T02:54:50.465631300,MasterZone_ControlNode,Received (8) new packet from slave node [MasterZone_ActuatorNode],false,false,false,false,Uninitialized,false,Disconnected,Disconnected,Disconnected,Disconnected,MasterZone_GateNode_motor,MasterZone_BuzzerNode_actuator_buzzer,Uninitialized,false
2024-11-20T02:54:50.667852,MasterZone_ControlNode,Received (1) new packet from slave node [MasterZone_SpeakerNode],false,false,false,false,Uninitialized,false,Disconnected,Disconnected,Disconnected,Disconnected,MasterZone_GateNode_motor,MasterZone_BuzzerNode_actuator_buzzer,Uninitialized,false
2024-11-20T02:54:50.700211700,MasterZone_ControlNode,Received (2) new packet from slave node [MasterZone_BuzzerNode],false,false,false,false,Uninitialized,false,Disconnected,Disconnected,Disconnected,Disconnected,MasterZone_GateNode_motor,MasterZone_BuzzerNode_actuator_buzzer,Uninitialized,false
2024-11-20T02:54:50.810712700,MasterZone_ControlNode,Gate [MasterZone_GateNode] queried permission status for ID [Uninitialized]. Permission [DENIED],false,false,false,false,Uninitialized,false,Disconnected,Disconnected,Disconnected,Disconnected,MasterZone_GateNode_motor,MasterZone_BuzzerNode_actuator_buzzer,Uninitialized,false
2024-11-20T02:54:50.823859800,MasterZone_ControlNode,Received new packet from control node [Zone1_ControlNode],false,false,false,false,Uninitialized,false,Disconnected,Disconnected,Disconnected,Disconnected,MasterZone_GateNode_motor,MasterZone_BuzzerNode_actuator_buzzer,Uninitialized,false
2024-11-20T02:54:50.840062900,MasterZone_ControlNode,Received (2) new packet from slave node [MasterZone_GateNode],false,false,false,false,Uninitialized,false,Disconnected,Disconnected,Disconnected,Disconnected,MasterZone_GateNode_motor,MasterZone_BuzzerNode_actuator_buzzer,Uninitialized,false
2024-11-20T02:54:51.010184800,MasterZone_ControlNode,Received (8) new packet from slave node [MasterZone_ActuatorNode],false,false,false,false,Uninitialized,false,Disconnected,Disconnected,Disconnected,Disconnected,MasterZone_GateNode_motor,MasterZone_BuzzerNode_actuator_buzzer,Uninitialized,false
2024-11-20T02:54:51.199782500,MasterZone_ControlNode,Received (1) new packet from slave node [MasterZone_SpeakerNode],false,false,false,false,Uninitialized,false,Disconnected,Disconnected,Disconnected,Disconnected,MasterZone_GateNode_motor,MasterZone_BuzzerNode_actuator_buzzer,Uninitialized,false
2024-11-20T02:54:51.260883100,MasterZone_ControlNode,Received (2) new packet from slave node [MasterZone_BuzzerNode],false,false,false,false,Uninitialized,false,Disconnected,Disconnected,Disconnected,Disconnected,MasterZone_GateNode_motor,MasterZone_BuzzerNode_actuator_buzzer,Uninitialized,false
2024-11-20T02:54:51.402659100,MasterZone_ControlNode,Gate [MasterZone_GateNode] queried permission status for ID [Uninitialized]. Permission [DENIED],false,false,false,false,Uninitialized,false,Disconnected,Disconnected,Disconnected,Disconnected,MasterZone_GateNode_motor,MasterZone_BuzzerNode_actuator_buzzer,Uninitialized,false
2024-11-20T02:54:51.432054600,MasterZone_ControlNode,Received (2) new packet from slave node [MasterZone_GateNode],false,false,false,false,Uninitialized,false,Disconnected,Disconnected,Disconnected,Disconnected,MasterZone_GateNode_motor,MasterZone_BuzzerNode_actuator_buzzer,Uninitialized,false
2024-11-20T02:54:51.563432700,MasterZone_ControlNode,Received (8) new packet from slave node [MasterZone_ActuatorNode],false,false,false,false,Uninitialized,false,Disconnected,Disconnected,Disconnected,Disconnected,MasterZone_GateNode_motor,MasterZone_BuzzerNode_actuator_buzzer,Uninitialized,false
2024-11-20T02:54:51.739226700,MasterZone_ControlNode,Received (1) new packet from slave node [MasterZone_SpeakerNode],false,false,false,false,Uninitialized,false,Disconnected,Disconnected,Disconnected,Disconnected,MasterZone_GateNode_motor,MasterZone_BuzzerNode_actuator_buzzer,Uninitialized,false
2024-11-20T02:54:51.740228200,MasterZone_ControlNode,Received new packet from control node [Zone1_ControlNode],false,false,false,false,Uninitialized,false,Disconnected,Disconnected,Disconnected,Disconnected,MasterZone_GateNode_motor,MasterZone_BuzzerNode_actuator_buzzer,Uninitialized,false
2024-11-20T02:54:51.800638400,MasterZone_ControlNode,Received (2) new packet from slave node [MasterZone_BuzzerNode],false,false,false,false,Uninitialized,false,Disconnected,Disconnected,Disconnected,Disconnected,MasterZone_GateNode_motor,MasterZone_BuzzerNode_actuator_buzzer,Uninitialized,false
2024-11-20T02:54:51.990893800,MasterZone_ControlNode,Gate [MasterZone_GateNode] queried permission status for ID [Uninitialized]. Permission [DENIED],false,false,false,false,Uninitialized,false,Disconnected,Disconnected,Disconnected,Disconnected,MasterZone_GateNode_motor,MasterZone_BuzzerNode_actuator_buzzer,Uninitialized,false
2024-11-20T02:54:52.021159800,MasterZone_ControlNode,Received (2) new packet from slave node [MasterZone_GateNode],false,false,false,false,Uninitialized,false,Disconnected,Disconnected,Disconnected,Disconnected,MasterZone_GateNode_motor,MasterZone_BuzzerNode_actuator_buzzer,Uninitialized,false
2024-11-20T02:54:52.126754800,MasterZone_ControlNode,Received (8) new packet from slave node [MasterZone_ActuatorNode],false,false,false,false,Uninitialized,false,Disconnected,Disconnected,Disconnected,Disconnected,MasterZone_GateNode_motor,MasterZone_BuzzerNode_actuator_buzzer,Uninitialized,false
2024-11-20T02:54:52.284033500,MasterZone_ControlNode,Received (1) new packet from slave node [MasterZone_SpeakerNode],false,false,false,false,Uninitialized,false,Disconnected,Disconnected,Disconnected,Disconnected,MasterZone_GateNode_motor,MasterZone_BuzzerNode_actuator_buzzer,Uninitialized,false
2024-11-20T02:54:52.333064200,MasterZone_ControlNode,Received (2) new packet from slave node [MasterZone_BuzzerNode],false,false,false,false,Uninitialized,false,Disconnected,Disconnected,Disconnected,Disconnected,MasterZone_GateNode_motor,MasterZone_BuzzerNode_actuator_buzzer,Uninitialized,false
2024-11-20T02:54:52.566359500,MasterZone_ControlNode,Gate [MasterZone_GateNode] queried permission status for ID [Uninitialized]. Permission [DENIED],false,false,false,false,Uninitialized,false,Disconnected,Disconnected,Disconnected,Disconnected,MasterZone_GateNode_motor,MasterZone_BuzzerNode_actuator_buzzer,Uninitialized,false
2024-11-20T02:54:52.596540300,MasterZone_ControlNode,Received (2) new packet from slave node [MasterZone_GateNode],false,false,false,false,Uninitialized,false,Disconnected,Disconnected,Disconnected,Disconnected,MasterZone_GateNode_motor,MasterZone_BuzzerNode_actuator_buzzer,Uninitialized,false
2024-11-20T02:54:52.601468300,MasterZone_ControlNode,Received new packet from control node [Zone1_ControlNode],false,false,false,false,Uninitialized,false,Disconnected,Disconnected,Disconnected,Disconnected,MasterZone_GateNode_motor,MasterZone_BuzzerNode_actuator_buzzer,Uninitialized,false
2024-11-20T02:54:52.674146800,MasterZone_ControlNode,Received (8) new packet from slave node [MasterZone_ActuatorNode],false,false,false,false,Uninitialized,false,Disconnected,Disconnected,Disconnected,Disconnected,MasterZone_GateNode_motor,MasterZone_BuzzerNode_actuator_buzzer,Uninitialized,false
2024-11-20T02:54:52.825689600,MasterZone_ControlNode,Received (1) new packet from slave node [MasterZone_SpeakerNode],false,false,false,false,Uninitialized,false,Disconnected,Disconnected,Disconnected,Disconnected,MasterZone_GateNode_motor,MasterZone_BuzzerNode_actuator_buzzer,Uninitialized,false
2024-11-20T02:54:52.875602,MasterZone_ControlNode,Received (2) new packet from slave node [MasterZone_BuzzerNode],false,false,false,false,Uninitialized,false,Disconnected,Disconnected,Disconnected,Disconnected,MasterZone_GateNode_motor,MasterZone_BuzzerNode_actuator_buzzer,Uninitialized,false
2024-11-20T02:54:53.127874100,MasterZone_ControlNode,Gate [MasterZone_GateNode] queried permission status for ID [Uninitialized]. Permission [DENIED],false,false,false,false,Uninitialized,false,Disconnected,Disconnected,Disconnected,Disconnected,MasterZone_GateNode_motor,MasterZone_BuzzerNode_actuator_buzzer,Uninitialized,false
2024-11-20T02:54:53.160750800,MasterZone_ControlNode,Received (2) new packet from slave node [MasterZone_GateNode],false,false,false,false,Uninitialized,false,Disconnected,Disconnected,Disconnected,Disconnected,MasterZone_GateNode_motor,MasterZone_BuzzerNode_actuator_buzzer,Uninitialized,false
2024-11-20T02:54:53.219908400,MasterZone_ControlNode,Received (8) new packet from slave node [MasterZone_ActuatorNode],false,false,false,false,Uninitialized,false,Disconnected,Disconnected,Disconnected,Disconnected,MasterZone_GateNode_motor,MasterZone_BuzzerNode_actuator_buzzer,Uninitialized,false
2024-11-20T02:54:53.359516700,MasterZone_ControlNode,Received (1) new packet from slave node [MasterZone_SpeakerNode],false,false,false,false,Uninitialized,false,Disconnected,Disconnected,Disconnected,Disconnected,MasterZone_GateNode_motor,MasterZone_BuzzerNode_actuator_buzzer,Uninitialized,false
2024-11-20T02:54:53.406816200,MasterZone_ControlNode,Received (2) new packet from slave node [MasterZone_BuzzerNode],false,false,false,false,Uninitialized,false,Disconnected,Disconnected,Disconnected,Disconnected,MasterZone_GateNode_motor,MasterZone_BuzzerNode_actuator_buzzer,Uninitialized,false
2024-11-20T02:54:53.480996700,MasterZone_ControlNode,Received new packet from control node [Zone1_ControlNode],false,false,false,false,Uninitialized,false,Disconnected,Disconnected,Disconnected,Disconnected,MasterZone_GateNode_motor,MasterZone_BuzzerNode_actuator_buzzer,Uninitialized,false
2024-11-20T02:54:53.702001900,MasterZone_ControlNode,Gate [MasterZone_GateNode] queried permission status for ID [Uninitialized]. Permission [DENIED],false,false,false,false,Uninitialized,false,Disconnected,Disconnected,Disconnected,Disconnected,MasterZone_GateNode_motor,MasterZone_BuzzerNode_actuator_buzzer,Uninitialized,false
2024-11-20T02:54:53.733209800,MasterZone_ControlNode,Received (2) new packet from slave node [MasterZone_GateNode],false,false,false,false,Uninitialized,false,Disconnected,Disconnected,Disconnected,Disconnected,MasterZone_GateNode_motor,MasterZone_BuzzerNode_actuator_buzzer,Uninitialized,false
2024-11-20T02:54:53.765345800,MasterZone_ControlNode,Received (8) new packet from slave node [MasterZone_ActuatorNode],false,false,false,false,Uninitialized,false,Disconnected,Disconnected,Disconnected,Disconnected,MasterZone_GateNode_motor,MasterZone_BuzzerNode_actuator_buzzer,Uninitialized,false
2024-11-20T02:54:53.900878600,MasterZone_ControlNode,Received (1) new packet from slave node [MasterZone_SpeakerNode],false,false,false,false,Uninitialized,false,Disconnected,Disconnected,Disconnected,Disconnected,MasterZone_GateNode_motor,MasterZone_BuzzerNode_actuator_buzzer,Uninitialized,false
2024-11-20T02:54:53.950066300,MasterZone_ControlNode,Received (2) new packet from slave node [MasterZone_BuzzerNode],false,false,false,false,Uninitialized,false,Disconnected,Disconnected,Disconnected,Disconnected,MasterZone_GateNode_motor,MasterZone_BuzzerNode_actuator_buzzer,Uninitialized,false
2024-11-20T02:54:54.274528300,MasterZone_ControlNode,Gate [MasterZone_GateNode] queried permission status for ID [Uninitialized]. Permission [DENIED],false,false,false,false,Uninitialized,false,Disconnected,Disconnected,Disconnected,Disconnected,MasterZone_GateNode_motor,MasterZone_BuzzerNode_actuator_buzzer,Uninitialized,false
2024-11-20T02:54:54.310065500,MasterZone_ControlNode,Received (8) new packet from slave node [MasterZone_ActuatorNode],false,false,false,false,Uninitialized,false,Disconnected,Disconnected,Disconnected,Disconnected,MasterZone_GateNode_motor,MasterZone_BuzzerNode_actuator_buzzer,Uninitialized,false
2024-11-20T02:54:54.310065500,MasterZone_ControlNode,Received (2) new packet from slave node [MasterZone_GateNode],false,false,false,false,Uninitialized,false,Disconnected,Disconnected,Disconnected,Disconnected,MasterZone_GateNode_motor,MasterZone_BuzzerNode_actuator_buzzer,Uninitialized,false
2024-11-20T02:54:54.357670700,MasterZone_ControlNode,Received new packet from control node [Zone1_ControlNode],false,false,false,false,Uninitialized,false,Disconnected,Disconnected,Disconnected,Disconnected,MasterZone_GateNode_motor,MasterZone_BuzzerNode_actuator_buzzer,Uninitialized,false
2024-11-20T02:54:54.446771300,MasterZone_ControlNode,Received (1) new packet from slave node [MasterZone_SpeakerNode],false,false,false,false,Uninitialized,false,Disconnected,Disconnected,Disconnected,Disconnected,MasterZone_GateNode_motor,MasterZone_BuzzerNode_actuator_buzzer,Uninitialized,false
2024-11-20T02:54:54.480750700,MasterZone_ControlNode,Received (2) new packet from slave node [MasterZone_BuzzerNode],false,false,false,false,Uninitialized,false,Disconnected,Disconnected,Disconnected,Disconnected,MasterZone_GateNode_motor,MasterZone_BuzzerNode_actuator_buzzer,Uninitialized,false
2024-11-20T02:54:54.855492600,MasterZone_ControlNode,Gate [MasterZone_GateNode] queried permission status for ID [Uninitialized]. Permission [DENIED],false,false,false,false,Uninitialized,false,Disconnected,Disconnected,Disconnected,Disconnected,MasterZone_GateNode_motor,MasterZone_BuzzerNode_actuator_buzzer,Uninitialized,false
2024-11-20T02:54:54.872204400,MasterZone_ControlNode,Received (8) new packet from slave node [MasterZone_ActuatorNode],false,false,false,false,Uninitialized,false,Disconnected,Disconnected,Disconnected,Disconnected,MasterZone_GateNode_motor,MasterZone_BuzzerNode_actuator_buzzer,Uninitialized,false
2024-11-20T02:54:54.886761400,MasterZone_ControlNode,Received (2) new packet from slave node [MasterZone_GateNode],false,false,false,false,Uninitialized,false,Disconnected,Disconnected,Disconnected,Disconnected,MasterZone_GateNode_motor,MasterZone_BuzzerNode_actuator_buzzer,Uninitialized,false
2024-11-20T02:54:54.992275500,MasterZone_ControlNode,Received (1) new packet from slave node [MasterZone_SpeakerNode],false,false,false,false,Uninitialized,false,Disconnected,Disconnected,Disconnected,Disconnected,MasterZone_GateNode_motor,MasterZone_BuzzerNode_actuator_buzzer,Uninitialized,false
2024-11-20T02:54:55.025573200,MasterZone_ControlNode,Received (2) new packet from slave node [MasterZone_BuzzerNode],false,false,false,false,Uninitialized,false,Disconnected,Disconnected,Disconnected,Disconnected,MasterZone_GateNode_motor,MasterZone_BuzzerNode_actuator_buzzer,Uninitialized,false
2024-11-20T02:54:55.214070,MasterZone_ControlNode,Received new packet from control node [Zone1_ControlNode],false,false,false,false,Uninitialized,false,Disconnected,Disconnected,Disconnected,Disconnected,MasterZone_GateNode_motor,MasterZone_BuzzerNode_actuator_buzzer,Uninitialized,false
2024-11-20T02:54:55.416284300,MasterZone_ControlNode,Gate [MasterZone_GateNode] queried permission status for ID [Uninitialized]. Permission [DENIED],false,false,false,false,Uninitialized,false,Disconnected,Disconnected,Disconnected,Disconnected,MasterZone_GateNode_motor,MasterZone_BuzzerNode_actuator_buzzer,Uninitialized,false
2024-11-20T02:54:55.431837500,MasterZone_ControlNode,Received (8) new packet from slave node [MasterZone_ActuatorNode],false,false,false,false,Uninitialized,false,Disconnected,Disconnected,Disconnected,Disconnected,MasterZone_GateNode_motor,MasterZone_BuzzerNode_actuator_buzzer,Uninitialized,false
2024-11-20T02:54:55.447401800,MasterZone_ControlNode,Received (2) new packet from slave node [MasterZone_GateNode],false,false,false,false,Uninitialized,false,Disconnected,Disconnected,Disconnected,Disconnected,MasterZone_GateNode_motor,MasterZone_BuzzerNode_actuator_buzzer,Uninitialized,false
2024-11-20T02:54:55.523238700,MasterZone_ControlNode,Received (1) new packet from slave node [MasterZone_SpeakerNode],false,false,false,false,Uninitialized,false,Disconnected,Disconnected,Disconnected,Disconnected,MasterZone_GateNode_motor,MasterZone_BuzzerNode_actuator_buzzer,Uninitialized,false
2024-11-20T02:54:55.556990100,MasterZone_ControlNode,Received (2) new packet from slave node [MasterZone_BuzzerNode],false,false,false,false,Uninitialized,false,Disconnected,Disconnected,Disconnected,Disconnected,MasterZone_GateNode_motor,MasterZone_BuzzerNode_actuator_buzzer,Uninitialized,false
2024-11-20T02:54:55.976245600,MasterZone_ControlNode,Received (8) new packet from slave node [MasterZone_ActuatorNode],false,false,false,false,Uninitialized,false,Disconnected,Disconnected,Disconnected,Disconnected,MasterZone_GateNode_motor,MasterZone_BuzzerNode_actuator_buzzer,Uninitialized,false
2024-11-20T02:54:55.992116600,MasterZone_ControlNode,Gate [MasterZone_GateNode] queried permission status for ID [Uninitialized]. Permission [DENIED],false,false,false,false,Uninitialized,false,Disconnected,Disconnected,Disconnected,Disconnected,MasterZone_GateNode_motor,MasterZone_BuzzerNode_actuator_buzzer,Uninitialized,false
2024-11-20T02:54:56.038853100,MasterZone_ControlNode,Received (2) new packet from slave node [MasterZone_GateNode],false,false,false,false,Uninitialized,false,Disconnected,Disconnected,Disconnected,Disconnected,MasterZone_GateNode_motor,MasterZone_BuzzerNode_actuator_buzzer,Uninitialized,false
2024-11-20T02:54:56.039839100,MasterZone_ControlNode,Received new packet from control node [Zone1_ControlNode],false,false,false,false,Uninitialized,false,Disconnected,Disconnected,Disconnected,Disconnected,MasterZone_GateNode_motor,MasterZone_BuzzerNode_actuator_buzzer,Uninitialized,false
2024-11-20T02:54:56.066379600,MasterZone_ControlNode,Received (1) new packet from slave node [MasterZone_SpeakerNode],false,false,false,false,Uninitialized,false,Disconnected,Disconnected,Disconnected,Disconnected,MasterZone_GateNode_motor,MasterZone_BuzzerNode_actuator_buzzer,Uninitialized,false
2024-11-20T02:54:56.102575600,MasterZone_ControlNode,Received (2) new packet from slave node [MasterZone_BuzzerNode],false,false,false,false,Uninitialized,false,Disconnected,Disconnected,Disconnected,Disconnected,MasterZone_GateNode_motor,MasterZone_BuzzerNode_actuator_buzzer,Uninitialized,false
2024-11-20T02:54:56.537025100,MasterZone_ControlNode,Received (8) new packet from slave node [MasterZone_ActuatorNode],false,false,false,false,Uninitialized,false,Disconnected,Disconnected,Disconnected,Disconnected,MasterZone_GateNode_motor,MasterZone_BuzzerNode_actuator_buzzer,Uninitialized,false
2024-11-20T02:54:56.584935300,MasterZone_ControlNode,Gate [MasterZone_GateNode] queried permission status for ID [Uninitialized]. Permission [DENIED],false,false,false,false,Uninitialized,false,Disconnected,Disconnected,Disconnected,Disconnected,MasterZone_GateNode_motor,MasterZone_BuzzerNode_actuator_buzzer,Uninitialized,false
2024-11-20T02:54:56.613635100,MasterZone_ControlNode,Received (1) new packet from slave node [MasterZone_SpeakerNode],false,false,false,false,Uninitialized,false,Disconnected,Disconnected,Disconnected,Disconnected,MasterZone_GateNode_motor,MasterZone_BuzzerNode_actuator_buzzer,Uninitialized,false
2024-11-20T02:54:56.631435400,MasterZone_ControlNode,Received (2) new packet from slave node [MasterZone_GateNode],false,false,false,false,Uninitialized,false,Disconnected,Disconnected,Disconnected,Disconnected,MasterZone_GateNode_motor,MasterZone_BuzzerNode_actuator_buzzer,Uninitialized,false
2024-11-20T02:54:56.662365300,MasterZone_ControlNode,Received (2) new packet from slave node [MasterZone_BuzzerNode],false,false,false,false,Uninitialized,false,Disconnected,Disconnected,Disconnected,Disconnected,MasterZone_GateNode_motor,MasterZone_BuzzerNode_actuator_buzzer,Uninitialized,false
2024-11-20T02:54:56.905959900,MasterZone_ControlNode,Received new packet from control node [Zone1_ControlNode],false,false,false,false,Uninitialized,false,Disconnected,Disconnected,Disconnected,Disconnected,MasterZone_GateNode_motor,MasterZone_BuzzerNode_actuator_buzzer,Uninitialized,false
2024-11-20T02:54:57.086037900,MasterZone_ControlNode,Received (8) new packet from slave node [MasterZone_ActuatorNode],false,false,false,false,Uninitialized,false,Disconnected,Disconnected,Disconnected,Disconnected,MasterZone_GateNode_motor,MasterZone_BuzzerNode_actuator_buzzer,Uninitialized,false
2024-11-20T02:54:57.159372,MasterZone_ControlNode,Received (1) new packet from slave node [MasterZone_SpeakerNode],false,false,false,false,Uninitialized,false,Disconnected,Disconnected,Disconnected,Disconnected,MasterZone_GateNode_motor,MasterZone_BuzzerNode_actuator_buzzer,Uninitialized,false
2024-11-20T02:54:57.162602100,MasterZone_ControlNode,Gate [MasterZone_GateNode] queried permission status for ID [Uninitialized]. Permission [DENIED],false,false,false,false,Uninitialized,false,Disconnected,Disconnected,Disconnected,Disconnected,MasterZone_GateNode_motor,MasterZone_BuzzerNode_actuator_buzzer,Uninitialized,false
2024-11-20T02:54:57.193399300,MasterZone_ControlNode,Received (2) new packet from slave node [MasterZone_GateNode],false,false,false,false,Uninitialized,false,Disconnected,Disconnected,Disconnected,Disconnected,MasterZone_GateNode_motor,MasterZone_BuzzerNode_actuator_buzzer,Uninitialized,false
2024-11-20T02:54:57.223864200,MasterZone_ControlNode,Received (2) new packet from slave node [MasterZone_BuzzerNode],false,false,false,false,Uninitialized,false,Disconnected,Disconnected,Disconnected,Disconnected,MasterZone_GateNode_motor,MasterZone_BuzzerNode_actuator_buzzer,Uninitialized,false
2024-11-20T02:54:57.662239900,MasterZone_ControlNode,Received (8) new packet from slave node [MasterZone_ActuatorNode],false,false,false,false,Uninitialized,false,Disconnected,Disconnected,Disconnected,Disconnected,MasterZone_GateNode_motor,MasterZone_BuzzerNode_actuator_buzzer,Uninitialized,false
2024-11-20T02:54:57.705731,MasterZone_ControlNode,Received (1) new packet from slave node [MasterZone_SpeakerNode],false,false,false,false,Uninitialized,false,Disconnected,Disconnected,Disconnected,Disconnected,MasterZone_GateNode_motor,MasterZone_BuzzerNode_actuator_buzzer,Uninitialized,false
2024-11-20T02:54:57.753970500,MasterZone_ControlNode,Gate [MasterZone_GateNode] queried permission status for ID [Uninitialized]. Permission [DENIED],false,false,false,false,Uninitialized,false,Disconnected,Disconnected,Disconnected,Disconnected,MasterZone_GateNode_motor,MasterZone_BuzzerNode_actuator_buzzer,Uninitialized,false
2024-11-20T02:54:57.753970500,MasterZone_ControlNode,Received new packet from control node [Zone1_ControlNode],false,false,false,false,Uninitialized,false,Disconnected,Disconnected,Disconnected,Disconnected,MasterZone_GateNode_motor,MasterZone_BuzzerNode_actuator_buzzer,Uninitialized,false
2024-11-20T02:54:57.769684500,MasterZone_ControlNode,Received (2) new packet from slave node [MasterZone_BuzzerNode],false,false,false,false,Uninitialized,false,Disconnected,Disconnected,Disconnected,Disconnected,MasterZone_GateNode_motor,MasterZone_BuzzerNode_actuator_buzzer,Uninitialized,false
2024-11-20T02:54:57.801182,MasterZone_ControlNode,Received (2) new packet from slave node [MasterZone_GateNode],false,false,false,false,Uninitialized,false,Disconnected,Disconnected,Disconnected,Disconnected,MasterZone_GateNode_motor,MasterZone_BuzzerNode_actuator_buzzer,Uninitialized,false
2024-11-20T02:54:58.204662600,MasterZone_ControlNode,Received (8) new packet from slave node [MasterZone_ActuatorNode],false,false,false,false,Uninitialized,false,Disconnected,Disconnected,Disconnected,Disconnected,MasterZone_GateNode_motor,MasterZone_BuzzerNode_actuator_buzzer,Uninitialized,false
2024-11-20T02:54:58.249015700,MasterZone_ControlNode,Received (1) new packet from slave node [MasterZone_SpeakerNode],false,false,false,false,Uninitialized,false,Disconnected,Disconnected,Disconnected,Disconnected,MasterZone_GateNode_motor,MasterZone_BuzzerNode_actuator_buzzer,Uninitialized,false
2024-11-20T02:54:58.313506,MasterZone_ControlNode,Received (2) new packet from slave node [MasterZone_BuzzerNode],false,false,false,false,Uninitialized,false,Disconnected,Disconnected,Disconnected,Disconnected,MasterZone_GateNode_motor,MasterZone_BuzzerNode_actuator_buzzer,Uninitialized,false
2024-11-20T02:54:58.345398600,MasterZone_ControlNode,Gate [MasterZone_GateNode] queried permission status for ID [Uninitialized]. Permission [DENIED],false,false,false,false,Uninitialized,false,Disconnected,Disconnected,Disconnected,Disconnected,MasterZone_GateNode_motor,MasterZone_BuzzerNode_actuator_buzzer,Uninitialized,false
2024-11-20T02:54:58.393052300,MasterZone_ControlNode,Received (2) new packet from slave node [MasterZone_GateNode],false,false,false,false,Uninitialized,false,Disconnected,Disconnected,Disconnected,Disconnected,MasterZone_GateNode_motor,MasterZone_BuzzerNode_actuator_buzzer,Uninitialized,false
2024-11-20T02:54:58.602619400,MasterZone_ControlNode,Received new packet from control node [Zone1_ControlNode],false,false,false,false,Uninitialized,false,Disconnected,Disconnected,Disconnected,Disconnected,MasterZone_GateNode_motor,MasterZone_BuzzerNode_actuator_buzzer,Uninitialized,false
2024-11-20T02:54:58.752663300,MasterZone_ControlNode,Received (8) new packet from slave node [MasterZone_ActuatorNode],false,false,false,false,Uninitialized,false,Disconnected,Disconnected,Disconnected,Disconnected,MasterZone_GateNode_motor,MasterZone_BuzzerNode_actuator_buzzer,Uninitialized,false
2024-11-20T02:54:58.789400300,MasterZone_ControlNode,Received (1) new packet from slave node [MasterZone_SpeakerNode],false,false,false,false,Uninitialized,false,Disconnected,Disconnected,Disconnected,Disconnected,MasterZone_GateNode_motor,MasterZone_BuzzerNode_actuator_buzzer,Uninitialized,false
2024-11-20T02:54:58.893439300,MasterZone_ControlNode,Received (2) new packet from slave node [MasterZone_BuzzerNode],false,false,false,false,Uninitialized,false,Disconnected,Disconnected,Disconnected,Disconnected,MasterZone_GateNode_motor,MasterZone_BuzzerNode_actuator_buzzer,Uninitialized,false
2024-11-20T02:54:58.942695200,MasterZone_ControlNode,Gate [MasterZone_GateNode] queried permission status for ID [Uninitialized]. Permission [DENIED],false,false,false,false,Uninitialized,false,Disconnected,Disconnected,Disconnected,Disconnected,MasterZone_GateNode_motor,MasterZone_BuzzerNode_actuator_buzzer,Uninitialized,false
2024-11-20T02:54:58.968468,MasterZone_ControlNode,Received (2) new packet from slave node [MasterZone_GateNode],false,false,false,false,Uninitialized,false,Disconnected,Disconnected,Disconnected,Disconnected,MasterZone_GateNode_motor,MasterZone_BuzzerNode_actuator_buzzer,Uninitialized,false
2024-11-20T02:54:59.315941100,MasterZone_ControlNode,Received (8) new packet from slave node [MasterZone_ActuatorNode],false,false,false,false,Uninitialized,false,Disconnected,Disconnected,Disconnected,Disconnected,MasterZone_GateNode_motor,MasterZone_BuzzerNode_actuator_buzzer,Uninitialized,false
2024-11-20T02:54:59.361925900,MasterZone_ControlNode,Received (1) new packet from slave node [MasterZone_SpeakerNode],false,false,false,false,Uninitialized,false,Disconnected,Disconnected,Disconnected,Disconnected,MasterZone_GateNode_motor,MasterZone_BuzzerNode_actuator_buzzer,Uninitialized,false
2024-11-20T02:54:59.438100900,MasterZone_ControlNode,Received (2) new packet from slave node [MasterZone_BuzzerNode],false,false,false,false,Uninitialized,false,Disconnected,Disconnected,Disconnected,Disconnected,MasterZone_GateNode_motor,MasterZone_BuzzerNode_actuator_buzzer,Uninitialized,false
2024-11-20T02:54:59.457994200,MasterZone_ControlNode,Received new packet from control node [Zone1_ControlNode],false,false,false,false,Uninitialized,false,Disconnected,Disconnected,Disconnected,Disconnected,MasterZone_GateNode_motor,MasterZone_BuzzerNode_actuator_buzzer,Uninitialized,false
2024-11-20T02:54:59.535134400,MasterZone_ControlNode,Gate [MasterZone_GateNode] queried permission status for ID [Uninitialized]. Permission [DENIED],false,false,false,false,Uninitialized,false,Disconnected,Disconnected,Disconnected,Disconnected,MasterZone_GateNode_motor,MasterZone_BuzzerNode_actuator_buzzer,Uninitialized,false
2024-11-20T02:54:59.565752700,MasterZone_ControlNode,Received (2) new packet from slave node [MasterZone_GateNode],false,false,false,false,Uninitialized,false,Disconnected,Disconnected,Disconnected,Disconnected,MasterZone_GateNode_motor,MasterZone_BuzzerNode_actuator_buzzer,Uninitialized,false
2024-11-20T02:54:59.876022500,MasterZone_ControlNode,Received (8) new packet from slave node [MasterZone_ActuatorNode],false,false,false,false,Uninitialized,false,Disconnected,Disconnected,Disconnected,Disconnected,MasterZone_GateNode_motor,MasterZone_BuzzerNode_actuator_buzzer,Uninitialized,false
2024-11-20T02:54:59.911293900,MasterZone_ControlNode,Received (1) new packet from slave node [MasterZone_SpeakerNode],false,false,false,false,Uninitialized,false,Disconnected,Disconnected,Disconnected,Disconnected,MasterZone_GateNode_motor,MasterZone_BuzzerNode_actuator_buzzer,Uninitialized,false
2024-11-20T02:54:59.981934600,MasterZone_ControlNode,Received (2) new packet from slave node [MasterZone_BuzzerNode],false,false,false,false,Uninitialized,false,Disconnected,Disconnected,Disconnected,Disconnected,MasterZone_GateNode_motor,MasterZone_BuzzerNode_actuator_buzzer,Uninitialized,false
2024-11-20T02:55:00.111348500,MasterZone_ControlNode,Gate [MasterZone_GateNode] queried permission status for ID [Uninitialized]. Permission [DENIED],false,false,false,false,Uninitialized,false,Disconnected,Disconnected,Disconnected,Disconnected,MasterZone_GateNode_motor,MasterZone_BuzzerNode_actuator_buzzer,Uninitialized,false
2024-11-20T02:55:00.157893,MasterZone_ControlNode,Received (2) new packet from slave node [MasterZone_GateNode],false,false,false,false,Uninitialized,false,Disconnected,Disconnected,Disconnected,Disconnected,MasterZone_GateNode_motor,MasterZone_BuzzerNode_actuator_buzzer,Uninitialized,false
2024-11-20T02:55:00.317951400,MasterZone_ControlNode,Received new packet from control node [Zone1_ControlNode],false,false,false,false,Uninitialized,false,Disconnected,Disconnected,Disconnected,Disconnected,MasterZone_GateNode_motor,MasterZone_BuzzerNode_actuator_buzzer,Uninitialized,false
2024-11-20T02:55:00.438062800,MasterZone_ControlNode,Received (8) new packet from slave node [MasterZone_ActuatorNode],false,false,false,false,Uninitialized,false,Disconnected,Disconnected,Disconnected,Disconnected,MasterZone_GateNode_motor,MasterZone_BuzzerNode_actuator_buzzer,Uninitialized,false
2024-11-20T02:55:00.450807100,MasterZone_ControlNode,Received (1) new packet from slave node [MasterZone_SpeakerNode],false,false,false,false,Uninitialized,false,Disconnected,Disconnected,Disconnected,Disconnected,MasterZone_GateNode_motor,MasterZone_BuzzerNode_actuator_buzzer,Uninitialized,false
2024-11-20T02:55:00.526792,MasterZone_ControlNode,Received (2) new packet from slave node [MasterZone_BuzzerNode],false,false,false,false,Uninitialized,false,Disconnected,Disconnected,Disconnected,Disconnected,MasterZone_GateNode_motor,MasterZone_BuzzerNode_actuator_buzzer,Uninitialized,false
2024-11-20T02:55:00.686040800,MasterZone_ControlNode,Gate [MasterZone_GateNode] queried permission status for ID [Uninitialized]. Permission [DENIED],false,false,false,false,Uninitialized,false,Disconnected,Disconnected,Disconnected,Disconnected,MasterZone_GateNode_motor,MasterZone_BuzzerNode_actuator_buzzer,Uninitialized,false
2024-11-20T02:55:00.716847600,MasterZone_ControlNode,Received (2) new packet from slave node [MasterZone_GateNode],false,false,false,false,Uninitialized,false,Disconnected,Disconnected,Disconnected,Disconnected,MasterZone_GateNode_motor,MasterZone_BuzzerNode_actuator_buzzer,Uninitialized,false
2024-11-20T02:55:00.980441,MasterZone_ControlNode,Received (8) new packet from slave node [MasterZone_ActuatorNode],false,false,false,false,Uninitialized,false,Disconnected,Disconnected,Disconnected,Disconnected,MasterZone_GateNode_motor,MasterZone_BuzzerNode_actuator_buzzer,Uninitialized,false
2024-11-20T02:55:00.993343300,MasterZone_ControlNode,Received (1) new packet from slave node [MasterZone_SpeakerNode],false,false,false,false,Uninitialized,false,Disconnected,Disconnected,Disconnected,Disconnected,MasterZone_GateNode_motor,MasterZone_BuzzerNode_actuator_buzzer,Uninitialized,false
2024-11-20T02:55:01.070637100,MasterZone_ControlNode,Received (2) new packet from slave node [MasterZone_BuzzerNode],false,false,false,false,Uninitialized,false,Disconnected,Disconnected,Disconnected,Disconnected,MasterZone_GateNode_motor,MasterZone_BuzzerNode_actuator_buzzer,Uninitialized,false
2024-11-20T02:55:01.184135400,MasterZone_ControlNode,Received new packet from control node [Zone1_ControlNode],false,false,false,false,Uninitialized,false,Disconnected,Disconnected,Disconnected,Disconnected,MasterZone_GateNode_motor,MasterZone_BuzzerNode_actuator_buzzer,Uninitialized,false
2024-11-20T02:55:01.260515600,MasterZone_ControlNode,Gate [MasterZone_GateNode] queried permission status for ID [Uninitialized]. Permission [DENIED],false,false,false,false,Uninitialized,false,Disconnected,Disconnected,Disconnected,Disconnected,MasterZone_GateNode_motor,MasterZone_BuzzerNode_actuator_buzzer,Uninitialized,false
2024-11-20T02:55:01.291151200,MasterZone_ControlNode,Received (2) new packet from slave node [MasterZone_GateNode],false,false,false,false,Uninitialized,false,Disconnected,Disconnected,Disconnected,Disconnected,MasterZone_GateNode_motor,MasterZone_BuzzerNode_actuator_buzzer,Uninitialized,false
2024-11-20T02:55:01.525388800,MasterZone_ControlNode,Received (8) new packet from slave node [MasterZone_ActuatorNode],false,false,false,false,Uninitialized,false,Disconnected,Disconnected,Disconnected,Disconnected,MasterZone_GateNode_motor,MasterZone_BuzzerNode_actuator_buzzer,Uninitialized,false
2024-11-20T02:55:01.537163100,MasterZone_ControlNode,Received (1) new packet from slave node [MasterZone_SpeakerNode],false,false,false,false,Uninitialized,false,Disconnected,Disconnected,Disconnected,Disconnected,MasterZone_GateNode_motor,MasterZone_BuzzerNode_actuator_buzzer,Uninitialized,false
2024-11-20T02:55:01.604676700,MasterZone_ControlNode,Received (2) new packet from slave node [MasterZone_BuzzerNode],false,false,false,false,Uninitialized,false,Disconnected,Disconnected,Disconnected,Disconnected,MasterZone_GateNode_motor,MasterZone_BuzzerNode_actuator_buzzer,Uninitialized,false
2024-11-20T02:55:01.826990700,MasterZone_ControlNode,Gate [MasterZone_GateNode] queried permission status for ID [Uninitialized]. Permission [DENIED],false,false,false,false,Uninitialized,false,Disconnected,Disconnected,Disconnected,Disconnected,MasterZone_GateNode_motor,MasterZone_BuzzerNode_actuator_buzzer,Uninitialized,false
2024-11-20T02:55:01.857501,MasterZone_ControlNode,Received (2) new packet from slave node [MasterZone_GateNode],false,false,false,false,Uninitialized,false,Disconnected,Disconnected,Disconnected,Disconnected,MasterZone_GateNode_motor,MasterZone_BuzzerNode_actuator_buzzer,Uninitialized,false
2024-11-20T02:55:02.047919500,MasterZone_ControlNode,Received new packet from control node [Zone1_ControlNode],false,false,false,false,Uninitialized,false,Disconnected,Disconnected,Disconnected,Disconnected,MasterZone_GateNode_motor,MasterZone_BuzzerNode_actuator_buzzer,Uninitialized,false
2024-11-20T02:55:02.063070500,MasterZone_ControlNode,Received (8) new packet from slave node [MasterZone_ActuatorNode],false,false,false,false,Uninitialized,false,Disconnected,Disconnected,Disconnected,Disconnected,MasterZone_GateNode_motor,MasterZone_BuzzerNode_actuator_buzzer,Uninitialized,false
2024-11-20T02:55:02.076028,MasterZone_ControlNode,Received (1) new packet from slave node [MasterZone_SpeakerNode],false,false,false,false,Uninitialized,false,Disconnected,Disconnected,Disconnected,Disconnected,MasterZone_GateNode_motor,MasterZone_BuzzerNode_actuator_buzzer,Uninitialized,false
2024-11-20T02:55:02.140931100,MasterZone_ControlNode,Received (2) new packet from slave node [MasterZone_BuzzerNode],false,false,false,false,Uninitialized,false,Disconnected,Disconnected,Disconnected,Disconnected,MasterZone_GateNode_motor,MasterZone_BuzzerNode_actuator_buzzer,Uninitialized,false
2024-11-20T02:55:02.386516500,MasterZone_ControlNode,Gate [MasterZone_GateNode] queried permission status for ID [Uninitialized]. Permission [DENIED],false,false,false,false,Uninitialized,false,Disconnected,Disconnected,Disconnected,Disconnected,MasterZone_GateNode_motor,MasterZone_BuzzerNode_actuator_buzzer,Uninitialized,false
2024-11-20T02:55:02.434275800,MasterZone_ControlNode,Received (2) new packet from slave node [MasterZone_GateNode],false,false,false,false,Uninitialized,false,Disconnected,Disconnected,Disconnected,Disconnected,MasterZone_GateNode_motor,MasterZone_BuzzerNode_actuator_buzzer,Uninitialized,false
2024-11-20T02:55:02.604768100,MasterZone_ControlNode,Received (8) new packet from slave node [MasterZone_ActuatorNode],false,false,false,false,Uninitialized,false,Disconnected,Disconnected,Disconnected,Disconnected,MasterZone_GateNode_motor,MasterZone_BuzzerNode_actuator_buzzer,Uninitialized,false
2024-11-20T02:55:02.619561300,MasterZone_ControlNode,Received (1) new packet from slave node [MasterZone_SpeakerNode],false,false,false,false,Uninitialized,false,Disconnected,Disconnected,Disconnected,Disconnected,MasterZone_GateNode_motor,MasterZone_BuzzerNode_actuator_buzzer,Uninitialized,false
2024-11-20T02:55:02.683987100,MasterZone_ControlNode,Received (2) new packet from slave node [MasterZone_BuzzerNode],false,false,false,false,Uninitialized,false,Disconnected,Disconnected,Disconnected,Disconnected,MasterZone_GateNode_motor,MasterZone_BuzzerNode_actuator_buzzer,Uninitialized,false
2024-11-20T02:55:02.919285200,MasterZone_ControlNode,Received new packet from control node [Zone1_ControlNode],false,false,false,false,Uninitialized,false,Disconnected,Disconnected,Disconnected,Disconnected,MasterZone_GateNode_motor,MasterZone_BuzzerNode_actuator_buzzer,Uninitialized,false
2024-11-20T02:55:02.978307200,MasterZone_ControlNode,Gate [MasterZone_GateNode] queried permission status for ID [Uninitialized]. Permission [DENIED],false,false,false,false,Uninitialized,false,Disconnected,Disconnected,Disconnected,Disconnected,MasterZone_GateNode_motor,MasterZone_BuzzerNode_actuator_buzzer,Uninitialized,false
2024-11-20T02:55:03.011370600,MasterZone_ControlNode,Received (2) new packet from slave node [MasterZone_GateNode],false,false,false,false,Uninitialized,false,Disconnected,Disconnected,Disconnected,Disconnected,MasterZone_GateNode_motor,MasterZone_BuzzerNode_actuator_buzzer,Uninitialized,false
2024-11-20T02:55:03.151276600,MasterZone_ControlNode,Received (8) new packet from slave node [MasterZone_ActuatorNode],false,false,false,false,Uninitialized,false,Disconnected,Disconnected,Disconnected,Disconnected,MasterZone_GateNode_motor,MasterZone_BuzzerNode_actuator_buzzer,Uninitialized,false
2024-11-20T02:55:03.163624600,MasterZone_ControlNode,Received (1) new packet from slave node [MasterZone_SpeakerNode],false,false,false,false,Uninitialized,false,Disconnected,Disconnected,Disconnected,Disconnected,MasterZone_GateNode_motor,MasterZone_BuzzerNode_actuator_buzzer,Uninitialized,false
2024-11-20T02:55:03.260385,MasterZone_ControlNode,Received (2) new packet from slave node [MasterZone_BuzzerNode],false,false,false,false,Uninitialized,false,Disconnected,Disconnected,Disconnected,Disconnected,MasterZone_GateNode_motor,MasterZone_BuzzerNode_actuator_buzzer,Uninitialized,false
2024-11-20T02:55:03.552968900,MasterZone_ControlNode,Gate [MasterZone_GateNode] queried permission status for ID [Uninitialized]. Permission [DENIED],false,false,false,false,Uninitialized,false,Disconnected,Disconnected,Disconnected,Disconnected,MasterZone_GateNode_motor,MasterZone_BuzzerNode_actuator_buzzer,Uninitialized,false
2024-11-20T02:55:03.587539,MasterZone_ControlNode,Received (2) new packet from slave node [MasterZone_GateNode],false,false,false,false,Uninitialized,false,Disconnected,Disconnected,Disconnected,Disconnected,MasterZone_GateNode_motor,MasterZone_BuzzerNode_actuator_buzzer,Uninitialized,false
2024-11-20T02:55:03.696653400,MasterZone_ControlNode,Received (1) new packet from slave node [MasterZone_SpeakerNode],false,false,false,false,Uninitialized,false,Disconnected,Disconnected,Disconnected,Disconnected,MasterZone_GateNode_motor,MasterZone_BuzzerNode_actuator_buzzer,Uninitialized,false
2024-11-20T02:55:03.727529,MasterZone_ControlNode,Received (8) new packet from slave node [MasterZone_ActuatorNode],false,false,false,false,Uninitialized,false,Disconnected,Disconnected,Disconnected,Disconnected,MasterZone_GateNode_motor,MasterZone_BuzzerNode_actuator_buzzer,Uninitialized,false
2024-11-20T02:55:03.789309800,MasterZone_ControlNode,Received new packet from control node [Zone1_ControlNode],false,false,false,false,Uninitialized,false,Disconnected,Disconnected,Disconnected,Disconnected,MasterZone_GateNode_motor,MasterZone_BuzzerNode_actuator_buzzer,Uninitialized,false
2024-11-20T02:55:03.800828800,MasterZone_ControlNode,Received (2) new packet from slave node [MasterZone_BuzzerNode],false,false,false,false,Uninitialized,false,Disconnected,Disconnected,Disconnected,Disconnected,MasterZone_GateNode_motor,MasterZone_BuzzerNode_actuator_buzzer,Uninitialized,false
2024-11-20T02:55:04.141360,MasterZone_ControlNode,Gate [MasterZone_GateNode] queried permission status for ID [Uninitialized]. Permission [DENIED],false,false,false,false,Uninitialized,false,Disconnected,Disconnected,Disconnected,Disconnected,MasterZone_GateNode_motor,MasterZone_BuzzerNode_actuator_buzzer,Uninitialized,false
2024-11-20T02:55:04.179325600,MasterZone_ControlNode,Received (2) new packet from slave node [MasterZone_GateNode],false,false,false,false,Uninitialized,false,Disconnected,Disconnected,Disconnected,Disconnected,MasterZone_GateNode_motor,MasterZone_BuzzerNode_actuator_buzzer,Uninitialized,false
2024-11-20T02:55:04.239422500,MasterZone_ControlNode,Received (1) new packet from slave node [MasterZone_SpeakerNode],false,false,false,false,Uninitialized,false,Disconnected,Disconnected,Disconnected,Disconnected,MasterZone_GateNode_motor,MasterZone_BuzzerNode_actuator_buzzer,Uninitialized,false
2024-11-20T02:55:04.272669200,MasterZone_ControlNode,Received (8) new packet from slave node [MasterZone_ActuatorNode],false,false,false,false,Uninitialized,false,Disconnected,Disconnected,Disconnected,Disconnected,MasterZone_GateNode_motor,MasterZone_BuzzerNode_actuator_buzzer,Uninitialized,false
2024-11-20T02:55:04.351216600,MasterZone_ControlNode,Received (2) new packet from slave node [MasterZone_BuzzerNode],false,false,false,false,Uninitialized,false,Disconnected,Disconnected,Disconnected,Disconnected,MasterZone_GateNode_motor,MasterZone_BuzzerNode_actuator_buzzer,Uninitialized,false
2024-11-20T02:55:04.649372,MasterZone_ControlNode,Received new packet from control node [Zone1_ControlNode],false,false,false,false,Uninitialized,false,Disconnected,Disconnected,Disconnected,Disconnected,MasterZone_GateNode_motor,MasterZone_BuzzerNode_actuator_buzzer,Uninitialized,false
2024-11-20T02:55:04.742899600,MasterZone_ControlNode,Gate [MasterZone_GateNode] queried permission status for ID [Uninitialized]. Permission [DENIED],false,false,false,false,Uninitialized,false,Disconnected,Disconnected,Disconnected,Disconnected,MasterZone_GateNode_motor,MasterZone_BuzzerNode_actuator_buzzer,Uninitialized,false
2024-11-20T02:55:04.770702600,MasterZone_ControlNode,Received (2) new packet from slave node [MasterZone_GateNode],false,false,false,false,Uninitialized,false,Disconnected,Disconnected,Disconnected,Disconnected,MasterZone_GateNode_motor,MasterZone_BuzzerNode_actuator_buzzer,Uninitialized,false
2024-11-20T02:55:04.771700,MasterZone_ControlNode,Received (1) new packet from slave node [MasterZone_SpeakerNode],false,false,false,false,Uninitialized,false,Disconnected,Disconnected,Disconnected,Disconnected,MasterZone_GateNode_motor,MasterZone_BuzzerNode_actuator_buzzer,Uninitialized,false
2024-11-20T02:55:04.819922300,MasterZone_ControlNode,Received (8) new packet from slave node [MasterZone_ActuatorNode],false,false,false,false,Uninitialized,false,Disconnected,Disconnected,Disconnected,Disconnected,MasterZone_GateNode_motor,MasterZone_BuzzerNode_actuator_buzzer,Uninitialized,false
2024-11-20T02:55:04.902837800,MasterZone_ControlNode,Received (2) new packet from slave node [MasterZone_BuzzerNode],false,false,false,false,Uninitialized,false,Disconnected,Disconnected,Disconnected,Disconnected,MasterZone_GateNode_motor,MasterZone_BuzzerNode_actuator_buzzer,Uninitialized,false
2024-11-20T02:55:05.305243100,MasterZone_ControlNode,Gate [MasterZone_GateNode] queried permission status for ID [Uninitialized]. Permission [DENIED],false,false,false,false,Uninitialized,false,Disconnected,Disconnected,Disconnected,Disconnected,MasterZone_GateNode_motor,MasterZone_BuzzerNode_actuator_buzzer,Uninitialized,false
2024-11-20T02:55:05.319392500,MasterZone_ControlNode,Received (1) new packet from slave node [MasterZone_SpeakerNode],false,false,false,false,Uninitialized,false,Disconnected,Disconnected,Disconnected,Disconnected,MasterZone_GateNode_motor,MasterZone_BuzzerNode_actuator_buzzer,Uninitialized,false
2024-11-20T02:55:05.336412400,MasterZone_ControlNode,Received (2) new packet from slave node [MasterZone_GateNode],false,false,false,false,Uninitialized,false,Disconnected,Disconnected,Disconnected,Disconnected,MasterZone_GateNode_motor,MasterZone_BuzzerNode_actuator_buzzer,Uninitialized,false
2024-11-20T02:55:05.384218200,MasterZone_ControlNode,Received (8) new packet from slave node [MasterZone_ActuatorNode],false,false,false,false,Uninitialized,false,Disconnected,Disconnected,Disconnected,Disconnected,MasterZone_GateNode_motor,MasterZone_BuzzerNode_actuator_buzzer,Uninitialized,false
2024-11-20T02:55:05.429984700,MasterZone_ControlNode,Received (2) new packet from slave node [MasterZone_BuzzerNode],false,false,false,false,Uninitialized,false,Disconnected,Disconnected,Disconnected,Disconnected,MasterZone_GateNode_motor,MasterZone_BuzzerNode_actuator_buzzer,Uninitialized,false
2024-11-20T02:55:05.508985500,MasterZone_ControlNode,Received new packet from control node [Zone1_ControlNode],false,false,false,false,Uninitialized,false,Disconnected,Disconnected,Disconnected,Disconnected,MasterZone_GateNode_motor,MasterZone_BuzzerNode_actuator_buzzer,Uninitialized,false
2024-11-20T02:55:05.850971900,MasterZone_ControlNode,Received (1) new packet from slave node [MasterZone_SpeakerNode],false,false,false,false,Uninitialized,false,Disconnected,Disconnected,Disconnected,Disconnected,MasterZone_GateNode_motor,MasterZone_BuzzerNode_actuator_buzzer,Uninitialized,false
2024-11-20T02:55:05.883731300,MasterZone_ControlNode,Gate [MasterZone_GateNode] queried permission status for ID [Uninitialized]. Permission [DENIED],false,false,false,false,Uninitialized,false,Disconnected,Disconnected,Disconnected,Disconnected,MasterZone_GateNode_motor,MasterZone_BuzzerNode_actuator_buzzer,Uninitialized,false
2024-11-20T02:55:05.930375100,MasterZone_ControlNode,Received (8) new packet from slave node [MasterZone_ActuatorNode],false,false,false,false,Uninitialized,false,Disconnected,Disconnected,Disconnected,Disconnected,MasterZone_GateNode_motor,MasterZone_BuzzerNode_actuator_buzzer,Uninitialized,false
2024-11-20T02:55:05.930726300,MasterZone_ControlNode,Received (2) new packet from slave node [MasterZone_GateNode],false,false,false,false,Uninitialized,false,Disconnected,Disconnected,Disconnected,Disconnected,MasterZone_GateNode_motor,MasterZone_BuzzerNode_actuator_buzzer,Uninitialized,false
2024-11-20T02:55:05.976981200,MasterZone_ControlNode,Received (2) new packet from slave node [MasterZone_BuzzerNode],false,false,false,false,Uninitialized,false,Disconnected,Disconnected,Disconnected,Disconnected,MasterZone_GateNode_motor,MasterZone_BuzzerNode_actuator_buzzer,Uninitialized,false
2024-11-20T02:55:06.396117700,MasterZone_ControlNode,Received (1) new packet from slave node [MasterZone_SpeakerNode],false,false,false,false,Uninitialized,false,Disconnected,Disconnected,Disconnected,Disconnected,MasterZone_GateNode_motor,MasterZone_BuzzerNode_actuator_buzzer,Uninitialized,false
2024-11-20T02:55:06.399225200,MasterZone_ControlNode,Received new packet from control node [Zone1_ControlNode],false,false,false,false,Uninitialized,false,Disconnected,Disconnected,Disconnected,Disconnected,MasterZone_GateNode_motor,MasterZone_BuzzerNode_actuator_buzzer,Uninitialized,false
2024-11-20T02:55:06.477070300,MasterZone_ControlNode,Received (8) new packet from slave node [MasterZone_ActuatorNode],false,false,false,false,Uninitialized,false,Disconnected,Disconnected,Disconnected,Disconnected,MasterZone_GateNode_motor,MasterZone_BuzzerNode_actuator_buzzer,Uninitialized,false
2024-11-20T02:55:06.477070300,MasterZone_ControlNode,Gate [MasterZone_GateNode] queried permission status for ID [Uninitialized]. Permission [DENIED],false,false,false,false,Uninitialized,false,Disconnected,Disconnected,Disconnected,Disconnected,MasterZone_GateNode_motor,MasterZone_BuzzerNode_actuator_buzzer,Uninitialized,false
2024-11-20T02:55:06.505599900,MasterZone_ControlNode,Received (2) new packet from slave node [MasterZone_BuzzerNode],false,false,false,false,Uninitialized,false,Disconnected,Disconnected,Disconnected,Disconnected,MasterZone_GateNode_motor,MasterZone_BuzzerNode_actuator_buzzer,Uninitialized,false
2024-11-20T02:55:06.505599900,MasterZone_ControlNode,Received (2) new packet from slave node [MasterZone_GateNode],false,false,false,false,Uninitialized,false,Disconnected,Disconnected,Disconnected,Disconnected,MasterZone_GateNode_motor,MasterZone_BuzzerNode_actuator_buzzer,Uninitialized,false
2024-11-20T02:55:06.943958700,MasterZone_ControlNode,Received (1) new packet from slave node [MasterZone_SpeakerNode],false,false,false,false,Uninitialized,false,Disconnected,Disconnected,Disconnected,Disconnected,MasterZone_GateNode_motor,MasterZone_BuzzerNode_actuator_buzzer,Uninitialized,false
2024-11-20T02:55:07.025843500,MasterZone_ControlNode,Received (8) new packet from slave node [MasterZone_ActuatorNode],false,false,false,false,Uninitialized,false,Disconnected,Disconnected,Disconnected,Disconnected,MasterZone_GateNode_motor,MasterZone_BuzzerNode_actuator_buzzer,Uninitialized,false
2024-11-20T02:55:07.040277,MasterZone_ControlNode,Received (2) new packet from slave node [MasterZone_BuzzerNode],false,false,false,false,Uninitialized,false,Disconnected,Disconnected,Disconnected,Disconnected,MasterZone_GateNode_motor,MasterZone_BuzzerNode_actuator_buzzer,Uninitialized,false
2024-11-20T02:55:07.040277,MasterZone_ControlNode,Gate [MasterZone_GateNode] queried permission status for ID [Uninitialized]. Permission [DENIED],false,false,false,false,Uninitialized,false,Disconnected,Disconnected,Disconnected,Disconnected,MasterZone_GateNode_motor,MasterZone_BuzzerNode_actuator_buzzer,Uninitialized,false
2024-11-20T02:55:07.072607,MasterZone_ControlNode,Received (2) new packet from slave node [MasterZone_GateNode],false,false,false,false,Uninitialized,false,Disconnected,Disconnected,Disconnected,Disconnected,MasterZone_GateNode_motor,MasterZone_BuzzerNode_actuator_buzzer,Uninitialized,false
2024-11-20T02:55:07.294365900,MasterZone_ControlNode,Received new packet from control node [Zone1_ControlNode],false,false,false,false,Uninitialized,false,Disconnected,Disconnected,Disconnected,Disconnected,MasterZone_GateNode_motor,MasterZone_BuzzerNode_actuator_buzzer,Uninitialized,false
2024-11-20T02:55:07.475664600,MasterZone_ControlNode,Received (1) new packet from slave node [MasterZone_SpeakerNode],false,false,false,false,Uninitialized,false,Disconnected,Disconnected,Disconnected,Disconnected,MasterZone_GateNode_motor,MasterZone_BuzzerNode_actuator_buzzer,Uninitialized,false
2024-11-20T02:55:07.571501100,MasterZone_ControlNode,Received (8) new packet from slave node [MasterZone_ActuatorNode],false,false,false,false,Uninitialized,false,Disconnected,Disconnected,Disconnected,Disconnected,MasterZone_GateNode_motor,MasterZone_BuzzerNode_actuator_buzzer,Uninitialized,false
2024-11-20T02:55:07.585180700,MasterZone_ControlNode,Received (2) new packet from slave node [MasterZone_BuzzerNode],false,false,false,false,Uninitialized,false,Disconnected,Disconnected,Disconnected,Disconnected,MasterZone_GateNode_motor,MasterZone_BuzzerNode_actuator_buzzer,Uninitialized,false
2024-11-20T02:55:07.634510200,MasterZone_ControlNode,Gate [MasterZone_GateNode] queried permission status for ID [Uninitialized]. Permission [DENIED],false,false,false,false,Uninitialized,false,Disconnected,Disconnected,Disconnected,Disconnected,MasterZone_GateNode_motor,MasterZone_BuzzerNode_actuator_buzzer,Uninitialized,false
2024-11-20T02:55:07.661442200,MasterZone_ControlNode,Received (2) new packet from slave node [MasterZone_GateNode],false,false,false,false,Uninitialized,false,Disconnected,Disconnected,Disconnected,Disconnected,MasterZone_GateNode_motor,MasterZone_BuzzerNode_actuator_buzzer,Uninitialized,false
2024-11-20T02:55:08.020317,MasterZone_ControlNode,Received (1) new packet from slave node [MasterZone_SpeakerNode],false,false,false,false,Uninitialized,false,Disconnected,Disconnected,Disconnected,Disconnected,MasterZone_GateNode_motor,MasterZone_BuzzerNode_actuator_buzzer,Uninitialized,false
2024-11-20T02:55:08.114874400,MasterZone_ControlNode,Received (8) new packet from slave node [MasterZone_ActuatorNode],false,false,false,false,Uninitialized,false,Disconnected,Disconnected,Disconnected,Disconnected,MasterZone_GateNode_motor,MasterZone_BuzzerNode_actuator_buzzer,Uninitialized,false
2024-11-20T02:55:08.130100600,MasterZone_ControlNode,Received (2) new packet from slave node [MasterZone_BuzzerNode],false,false,false,false,Uninitialized,false,Disconnected,Disconnected,Disconnected,Disconnected,MasterZone_GateNode_motor,MasterZone_BuzzerNode_actuator_buzzer,Uninitialized,false
2024-11-20T02:55:08.147947600,MasterZone_ControlNode,Received new packet from control node [Zone1_ControlNode],false,false,false,false,Uninitialized,false,Disconnected,Disconnected,Disconnected,Disconnected,MasterZone_GateNode_motor,MasterZone_BuzzerNode_actuator_buzzer,Uninitialized,false
2024-11-20T02:55:08.210038,MasterZone_ControlNode,Gate [MasterZone_GateNode] queried permission status for ID [Uninitialized]. Permission [DENIED],false,false,false,false,Uninitialized,false,Disconnected,Disconnected,Disconnected,Disconnected,MasterZone_GateNode_motor,MasterZone_BuzzerNode_actuator_buzzer,Uninitialized,false
2024-11-20T02:55:08.240820600,MasterZone_ControlNode,Received (2) new packet from slave node [MasterZone_GateNode],false,false,false,false,Uninitialized,false,Disconnected,Disconnected,Disconnected,Disconnected,MasterZone_GateNode_motor,MasterZone_BuzzerNode_actuator_buzzer,Uninitialized,false
2024-11-20T02:55:08.552055500,MasterZone_ControlNode,Received (1) new packet from slave node [MasterZone_SpeakerNode],false,false,false,false,Uninitialized,false,Disconnected,Disconnected,Disconnected,Disconnected,MasterZone_GateNode_motor,MasterZone_BuzzerNode_actuator_buzzer,Uninitialized,false
2024-11-20T02:55:08.663492800,MasterZone_ControlNode,Received (8) new packet from slave node [MasterZone_ActuatorNode],false,false,false,false,Uninitialized,false,Disconnected,Disconnected,Disconnected,Disconnected,MasterZone_GateNode_motor,MasterZone_BuzzerNode_actuator_buzzer,Uninitialized,false
2024-11-20T02:55:08.666477100,MasterZone_ControlNode,Received (2) new packet from slave node [MasterZone_BuzzerNode],false,false,false,false,Uninitialized,false,Disconnected,Disconnected,Disconnected,Disconnected,MasterZone_GateNode_motor,MasterZone_BuzzerNode_actuator_buzzer,Uninitialized,false
2024-11-20T02:55:08.769542400,MasterZone_ControlNode,Gate [MasterZone_GateNode] queried permission status for ID [Uninitialized]. Permission [DENIED],false,false,false,false,Uninitialized,false,Disconnected,Disconnected,Disconnected,Disconnected,MasterZone_GateNode_motor,MasterZone_BuzzerNode_actuator_buzzer,Uninitialized,false
2024-11-20T02:55:08.804090400,MasterZone_ControlNode,Received (2) new packet from slave node [MasterZone_GateNode],false,false,false,false,Uninitialized,false,Disconnected,Disconnected,Disconnected,Disconnected,MasterZone_GateNode_motor,MasterZone_BuzzerNode_actuator_buzzer,Uninitialized,false
2024-11-20T02:55:09.006205300,MasterZone_ControlNode,Received new packet from control node [Zone1_ControlNode],false,false,false,false,Uninitialized,false,Disconnected,Disconnected,Disconnected,Disconnected,MasterZone_GateNode_motor,MasterZone_BuzzerNode_actuator_buzzer,Uninitialized,false
2024-11-20T02:55:09.095616500,MasterZone_ControlNode,Received (1) new packet from slave node [MasterZone_SpeakerNode],false,false,false,false,Uninitialized,false,Disconnected,Disconnected,Disconnected,Disconnected,MasterZone_GateNode_motor,MasterZone_BuzzerNode_actuator_buzzer,Uninitialized,false
2024-11-20T02:55:09.205930800,MasterZone_ControlNode,Received (2) new packet from slave node [MasterZone_BuzzerNode],false,false,false,false,Uninitialized,false,Disconnected,Disconnected,Disconnected,Disconnected,MasterZone_GateNode_motor,MasterZone_BuzzerNode_actuator_buzzer,Uninitialized,false
2024-11-20T02:55:09.208029200,MasterZone_ControlNode,Received (8) new packet from slave node [MasterZone_ActuatorNode],false,false,false,false,Uninitialized,false,Disconnected,Disconnected,Disconnected,Disconnected,MasterZone_GateNode_motor,MasterZone_BuzzerNode_actuator_buzzer,Uninitialized,false
2024-11-20T02:55:09.331089800,MasterZone_ControlNode,Gate [MasterZone_GateNode] queried permission status for ID [Uninitialized]. Permission [DENIED],false,false,false,false,Uninitialized,false,Disconnected,Disconnected,Disconnected,Disconnected,MasterZone_GateNode_motor,MasterZone_BuzzerNode_actuator_buzzer,Uninitialized,false
2024-11-20T02:55:09.378774500,MasterZone_ControlNode,Received (2) new packet from slave node [MasterZone_GateNode],false,false,false,false,Uninitialized,false,Disconnected,Disconnected,Disconnected,Disconnected,MasterZone_GateNode_motor,MasterZone_BuzzerNode_actuator_buzzer,Uninitialized,false
2024-11-20T02:55:09.639328400,MasterZone_ControlNode,Received (1) new packet from slave node [MasterZone_SpeakerNode],false,false,false,false,Uninitialized,false,Disconnected,Disconnected,Disconnected,Disconnected,MasterZone_GateNode_motor,MasterZone_BuzzerNode_actuator_buzzer,Uninitialized,false
2024-11-20T02:55:09.758539900,MasterZone_ControlNode,Received (2) new packet from slave node [MasterZone_BuzzerNode],false,false,false,false,Uninitialized,false,Disconnected,Disconnected,Disconnected,Disconnected,MasterZone_GateNode_motor,MasterZone_BuzzerNode_actuator_buzzer,Uninitialized,false
2024-11-20T02:55:09.765520900,MasterZone_ControlNode,Received (8) new packet from slave node [MasterZone_ActuatorNode],false,false,false,false,Uninitialized,false,Disconnected,Disconnected,Disconnected,Disconnected,MasterZone_GateNode_motor,MasterZone_BuzzerNode_actuator_buzzer,Uninitialized,false
2024-11-20T02:55:09.869809500,MasterZone_ControlNode,Received new packet from control node [Zone1_ControlNode],false,false,false,false,Uninitialized,false,Disconnected,Disconnected,Disconnected,Disconnected,MasterZone_GateNode_motor,MasterZone_BuzzerNode_actuator_buzzer,Uninitialized,false
2024-11-20T02:55:09.910754400,MasterZone_ControlNode,Gate [MasterZone_GateNode] queried permission status for ID [Uninitialized]. Permission [DENIED],false,false,false,false,Uninitialized,false,Disconnected,Disconnected,Disconnected,Disconnected,MasterZone_GateNode_motor,MasterZone_BuzzerNode_actuator_buzzer,Uninitialized,false
2024-11-20T02:55:09.957645600,MasterZone_ControlNode,Received (2) new packet from slave node [MasterZone_GateNode],false,false,false,false,Uninitialized,false,Disconnected,Disconnected,Disconnected,Disconnected,MasterZone_GateNode_motor,MasterZone_BuzzerNode_actuator_buzzer,Uninitialized,false
2024-11-20T02:55:10.172951200,MasterZone_ControlNode,Received (1) new packet from slave node [MasterZone_SpeakerNode],false,false,false,false,Uninitialized,false,Disconnected,Disconnected,Disconnected,Disconnected,MasterZone_GateNode_motor,MasterZone_BuzzerNode_actuator_buzzer,Uninitialized,false
2024-11-20T02:55:10.346844600,MasterZone_ControlNode,Received (2) new packet from slave node [MasterZone_BuzzerNode],false,false,false,false,Uninitialized,false,Disconnected,Disconnected,Disconnected,Disconnected,MasterZone_GateNode_motor,MasterZone_BuzzerNode_actuator_buzzer,Uninitialized,false
2024-11-20T02:55:10.354194200,MasterZone_ControlNode,Received (8) new packet from slave node [MasterZone_ActuatorNode],false,false,false,false,Uninitialized,false,Disconnected,Disconnected,Disconnected,Disconnected,MasterZone_GateNode_motor,MasterZone_BuzzerNode_actuator_buzzer,Uninitialized,false
2024-11-20T02:55:10.536923800,MasterZone_ControlNode,Gate [MasterZone_GateNode] queried permission status for ID [Uninitialized]. Permission [DENIED],false,false,false,false,Uninitialized,false,Disconnected,Disconnected,Disconnected,Disconnected,MasterZone_GateNode_motor,MasterZone_BuzzerNode_actuator_buzzer,Uninitialized,false
2024-11-20T02:55:10.600472800,MasterZone_ControlNode,Received (2) new packet from slave node [MasterZone_GateNode],false,false,false,false,Uninitialized,false,Disconnected,Disconnected,Disconnected,Disconnected,MasterZone_GateNode_motor,MasterZone_BuzzerNode_actuator_buzzer,Uninitialized,false
2024-11-20T02:55:10.717523400,MasterZone_ControlNode,Received (1) new packet from slave node [MasterZone_SpeakerNode],false,false,false,false,Uninitialized,false,Disconnected,Disconnected,Disconnected,Disconnected,MasterZone_GateNode_motor,MasterZone_BuzzerNode_actuator_buzzer,Uninitialized,false
2024-11-20T02:55:10.782976900,MasterZone_ControlNode,Received new packet from control node [Zone1_ControlNode],false,false,false,false,Uninitialized,false,Disconnected,Disconnected,Disconnected,Disconnected,MasterZone_GateNode_motor,MasterZone_BuzzerNode_actuator_buzzer,Uninitialized,false
2024-11-20T02:55:10.893271600,MasterZone_ControlNode,Received (2) new packet from slave node [MasterZone_BuzzerNode],false,false,false,false,Uninitialized,false,Disconnected,Disconnected,Disconnected,Disconnected,MasterZone_GateNode_motor,MasterZone_BuzzerNode_actuator_buzzer,Uninitialized,false
2024-11-20T02:55:10.924403,MasterZone_ControlNode,Received (8) new packet from slave node [MasterZone_ActuatorNode],false,false,false,false,Uninitialized,false,Disconnected,Disconnected,Disconnected,Disconnected,MasterZone_GateNode_motor,MasterZone_BuzzerNode_actuator_buzzer,Uninitialized,false
2024-11-20T02:55:11.158523800,MasterZone_ControlNode,Gate [MasterZone_GateNode] queried permission status for ID [Uninitialized]. Permission [DENIED],false,false,false,false,Uninitialized,false,Disconnected,Disconnected,Disconnected,Disconnected,MasterZone_GateNode_motor,MasterZone_BuzzerNode_actuator_buzzer,Uninitialized,false
2024-11-20T02:55:11.189598700,MasterZone_ControlNode,Received (2) new packet from slave node [MasterZone_GateNode],false,false,false,false,Uninitialized,false,Disconnected,Disconnected,Disconnected,Disconnected,MasterZone_GateNode_motor,MasterZone_BuzzerNode_actuator_buzzer,Uninitialized,false
2024-11-20T02:55:11.249450,MasterZone_ControlNode,Received (1) new packet from slave node [MasterZone_SpeakerNode],false,false,false,false,Uninitialized,false,Disconnected,Disconnected,Disconnected,Disconnected,MasterZone_GateNode_motor,MasterZone_BuzzerNode_actuator_buzzer,Uninitialized,false
2024-11-20T02:55:11.421670800,MasterZone_ControlNode,Received (2) new packet from slave node [MasterZone_BuzzerNode],false,false,false,false,Uninitialized,false,Disconnected,Disconnected,Disconnected,Disconnected,MasterZone_GateNode_motor,MasterZone_BuzzerNode_actuator_buzzer,Uninitialized,false
2024-11-20T02:55:11.475828100,MasterZone_ControlNode,Received (8) new packet from slave node [MasterZone_ActuatorNode],false,false,false,false,Uninitialized,false,Disconnected,Disconnected,Disconnected,Disconnected,MasterZone_GateNode_motor,MasterZone_BuzzerNode_actuator_buzzer,Uninitialized,false
2024-11-20T02:55:11.658841,MasterZone_ControlNode,Received new packet from control node [Zone1_ControlNode],false,false,false,false,Uninitialized,false,Disconnected,Disconnected,Disconnected,Disconnected,MasterZone_GateNode_motor,MasterZone_BuzzerNode_actuator_buzzer,Uninitialized,false
2024-11-20T02:55:11.735849500,MasterZone_ControlNode,Gate [MasterZone_GateNode] queried permission status for ID [Uninitialized]. Permission [DENIED],false,false,false,false,Uninitialized,false,Disconnected,Disconnected,Disconnected,Disconnected,MasterZone_GateNode_motor,MasterZone_BuzzerNode_actuator_buzzer,Uninitialized,false
2024-11-20T02:55:11.780885,MasterZone_ControlNode,Received (2) new packet from slave node [MasterZone_GateNode],false,false,false,false,Uninitialized,false,Disconnected,Disconnected,Disconnected,Disconnected,MasterZone_GateNode_motor,MasterZone_BuzzerNode_actuator_buzzer,Uninitialized,false
2024-11-20T02:55:11.794496400,MasterZone_ControlNode,Received (1) new packet from slave node [MasterZone_SpeakerNode],false,false,false,false,Uninitialized,false,Disconnected,Disconnected,Disconnected,Disconnected,MasterZone_GateNode_motor,MasterZone_BuzzerNode_actuator_buzzer,Uninitialized,false
2024-11-20T02:55:11.952553600,MasterZone_ControlNode,Received (2) new packet from slave node [MasterZone_BuzzerNode],false,false,false,false,Uninitialized,false,Disconnected,Disconnected,Disconnected,Disconnected,MasterZone_GateNode_motor,MasterZone_BuzzerNode_actuator_buzzer,Uninitialized,false
2024-11-20T02:55:12.029244800,MasterZone_ControlNode,Received (8) new packet from slave node [MasterZone_ActuatorNode],false,false,false,false,Uninitialized,false,Disconnected,Disconnected,Disconnected,Disconnected,MasterZone_GateNode_motor,MasterZone_BuzzerNode_actuator_buzzer,Uninitialized,false
2024-11-20T02:55:12.324656900,MasterZone_ControlNode,Gate [MasterZone_GateNode] queried permission status for ID [Uninitialized]. Permission [DENIED],false,false,false,false,Uninitialized,false,Disconnected,Disconnected,Disconnected,Disconnected,MasterZone_GateNode_motor,MasterZone_BuzzerNode_actuator_buzzer,Uninitialized,false
2024-11-20T02:55:12.336918100,MasterZone_ControlNode,Received (1) new packet from slave node [MasterZone_SpeakerNode],false,false,false,false,Uninitialized,false,Disconnected,Disconnected,Disconnected,Disconnected,MasterZone_GateNode_motor,MasterZone_BuzzerNode_actuator_buzzer,Uninitialized,false
2024-11-20T02:55:12.355399800,MasterZone_ControlNode,Received (2) new packet from slave node [MasterZone_GateNode],false,false,false,false,Uninitialized,false,Disconnected,Disconnected,Disconnected,Disconnected,MasterZone_GateNode_motor,MasterZone_BuzzerNode_actuator_buzzer,Uninitialized,false
2024-11-20T02:55:12.495505500,MasterZone_ControlNode,Received (2) new packet from slave node [MasterZone_BuzzerNode],false,false,false,false,Uninitialized,false,Disconnected,Disconnected,Disconnected,Disconnected,MasterZone_GateNode_motor,MasterZone_BuzzerNode_actuator_buzzer,Uninitialized,false
2024-11-20T02:55:12.542522,MasterZone_ControlNode,Received new packet from control node [Zone1_ControlNode],false,false,false,false,Uninitialized,false,Disconnected,Disconnected,Disconnected,Disconnected,MasterZone_GateNode_motor,MasterZone_BuzzerNode_actuator_buzzer,Uninitialized,false
2024-11-20T02:55:12.574572,MasterZone_ControlNode,Received (8) new packet from slave node [MasterZone_ActuatorNode],false,false,false,false,Uninitialized,false,Disconnected,Disconnected,Disconnected,Disconnected,MasterZone_GateNode_motor,MasterZone_BuzzerNode_actuator_buzzer,Uninitialized,false
2024-11-20T02:55:12.884349,MasterZone_ControlNode,Received (1) new packet from slave node [MasterZone_SpeakerNode],false,false,false,false,Uninitialized,false,Disconnected,Disconnected,Disconnected,Disconnected,MasterZone_GateNode_motor,MasterZone_BuzzerNode_actuator_buzzer,Uninitialized,false
2024-11-20T02:55:12.900925500,MasterZone_ControlNode,Gate [MasterZone_GateNode] queried permission status for ID [Uninitialized]. Permission [DENIED],false,false,false,false,Uninitialized,false,Disconnected,Disconnected,Disconnected,Disconnected,MasterZone_GateNode_motor,MasterZone_BuzzerNode_actuator_buzzer,Uninitialized,false
2024-11-20T02:55:12.947358900,MasterZone_ControlNode,Received (2) new packet from slave node [MasterZone_GateNode],false,false,false,false,Uninitialized,false,Disconnected,Disconnected,Disconnected,Disconnected,MasterZone_GateNode_motor,MasterZone_BuzzerNode_actuator_buzzer,Uninitialized,false
2024-11-20T02:55:13.042514500,MasterZone_ControlNode,Received (2) new packet from slave node [MasterZone_BuzzerNode],false,false,false,false,Uninitialized,false,Disconnected,Disconnected,Disconnected,Disconnected,MasterZone_GateNode_motor,MasterZone_BuzzerNode_actuator_buzzer,Uninitialized,false
2024-11-20T02:55:13.120960100,MasterZone_ControlNode,Received (8) new packet from slave node [MasterZone_ActuatorNode],false,false,false,false,Uninitialized,false,Disconnected,Disconnected,Disconnected,Disconnected,MasterZone_GateNode_motor,MasterZone_BuzzerNode_actuator_buzzer,Uninitialized,false
2024-11-20T02:55:13.428021800,MasterZone_ControlNode,Received (1) new packet from slave node [MasterZone_SpeakerNode],false,false,false,false,Uninitialized,false,Disconnected,Disconnected,Disconnected,Disconnected,MasterZone_GateNode_motor,MasterZone_BuzzerNode_actuator_buzzer,Uninitialized,false
2024-11-20T02:55:13.432016,MasterZone_ControlNode,Received new packet from control node [Zone1_ControlNode],false,false,false,false,Uninitialized,false,Disconnected,Disconnected,Disconnected,Disconnected,MasterZone_GateNode_motor,MasterZone_BuzzerNode_actuator_buzzer,Uninitialized,false
2024-11-20T02:55:13.525645700,MasterZone_ControlNode,Gate [MasterZone_GateNode] queried permission status for ID [Uninitialized]. Permission [DENIED],false,false,false,false,Uninitialized,false,Disconnected,Disconnected,Disconnected,Disconnected,MasterZone_GateNode_motor,MasterZone_BuzzerNode_actuator_buzzer,Uninitialized,false
2024-11-20T02:55:13.556723800,MasterZone_ControlNode,Received (2) new packet from slave node [MasterZone_GateNode],false,false,false,false,Uninitialized,false,Disconnected,Disconnected,Disconnected,Disconnected,MasterZone_GateNode_motor,MasterZone_BuzzerNode_actuator_buzzer,Uninitialized,false
2024-11-20T02:55:13.587646200,MasterZone_ControlNode,Received (2) new packet from slave node [MasterZone_BuzzerNode],false,false,false,false,Uninitialized,false,Disconnected,Disconnected,Disconnected,Disconnected,MasterZone_GateNode_motor,MasterZone_BuzzerNode_actuator_buzzer,Uninitialized,false
2024-11-20T02:55:13.664945200,MasterZone_ControlNode,Received (8) new packet from slave node [MasterZone_ActuatorNode],false,false,false,false,Uninitialized,false,Disconnected,Disconnected,Disconnected,Disconnected,MasterZone_GateNode_motor,MasterZone_BuzzerNode_actuator_buzzer,Uninitialized,false
2024-11-20T02:55:13.979273200,MasterZone_ControlNode,Received (1) new packet from slave node [MasterZone_SpeakerNode],false,false,false,false,Uninitialized,false,Disconnected,Disconnected,Disconnected,Disconnected,MasterZone_GateNode_motor,MasterZone_BuzzerNode_actuator_buzzer,Uninitialized,false
2024-11-20T02:55:14.321797300,MasterZone_ControlNode,Received new packet from control node [Zone1_ControlNode],false,false,false,false,Uninitialized,false,Disconnected,Disconnected,Disconnected,Disconnected,MasterZone_GateNode_motor,MasterZone_BuzzerNode_actuator_buzzer,Uninitialized,false
