Timestamp,Object Name,Event
2024-12-01T19:26:31.753065800,RoofZone_SmartRopeNode2,Started Publishing (1) packets to Control Node [RoofZone_MasterNode]
2024-12-01T19:26:31.844875400,RoofZone_SmartRopeNode2,Done Publishing (1) packets to Control Node [RoofZone_MasterNode]
2024-12-01T19:26:32.390444,RoofZone_SmartRopeNode2,Started Publishing (1) packets to Control Node [RoofZone_MasterNode]
2024-12-01T19:26:32.435996700,RoofZone_SmartRopeNode2,Done Publishing (1) packets to Control Node [RoofZone_MasterNode]
2024-12-01T19:26:32.993137400,RoofZone_SmartRopeNode2,Started Publishing (1) packets to Control Node [RoofZone_MasterNode]
2024-12-01T19:26:33.032835700,RoofZone_SmartRopeNode2,Done Publishing (1) packets to Control Node [RoofZone_MasterNode]
2024-12-01T19:26:33.538937200,RoofZone_SmartRopeNode2,Started Publishing (1) packets to Control Node [RoofZone_MasterNode]
2024-12-01T19:26:33.561373100,RoofZone_SmartRopeNode2,Done Publishing (1) packets to Control Node [RoofZone_MasterNode]
2024-12-01T19:26:34.078223800,RoofZone_SmartRopeNode2,Started Publishing (1) packets to Control Node [RoofZone_MasterNode]
2024-12-01T19:26:34.110538100,RoofZone_SmartRopeNode2,Done Publishing (1) packets to Control Node [RoofZone_MasterNode]
2024-12-01T19:26:34.615746500,RoofZone_SmartRopeNode2,Started Publishing (1) packets to Control Node [RoofZone_MasterNode]
2024-12-01T19:26:34.642750900,RoofZone_SmartRopeNode2,Done Publishing (1) packets to Control Node [RoofZone_MasterNode]
2024-12-01T19:26:35.159282500,RoofZone_SmartRopeNode2,Started Publishing (1) packets to Control Node [RoofZone_MasterNode]
2024-12-01T19:26:35.190097100,RoofZone_SmartRopeNode2,Done Publishing (1) packets to Control Node [RoofZone_MasterNode]
2024-12-01T19:26:35.692676900,RoofZone_SmartRopeNode2,Started Publishing (1) packets to Control Node [RoofZone_MasterNode]
2024-12-01T19:26:35.721804800,RoofZone_SmartRopeNode2,Done Publishing (1) packets to Control Node [RoofZone_MasterNode]
2024-12-01T19:26:36.234608600,RoofZone_SmartRopeNode2,Started Publishing (1) packets to Control Node [RoofZone_MasterNode]
2024-12-01T19:26:36.264970900,RoofZone_SmartRopeNode2,Done Publishing (1) packets to Control Node [RoofZone_MasterNode]
2024-12-01T19:26:36.768102100,RoofZone_SmartRopeNode2,Started Publishing (1) packets to Control Node [RoofZone_MasterNode]
2024-12-01T19:26:36.796107,RoofZone_SmartRopeNode2,Done Publishing (1) packets to Control Node [RoofZone_MasterNode]
2024-12-01T19:26:37.312750300,RoofZone_SmartRopeNode2,Started Publishing (1) packets to Control Node [RoofZone_MasterNode]
2024-12-01T19:26:37.341622800,RoofZone_SmartRopeNode2,Done Publishing (1) packets to Control Node [RoofZone_MasterNode]
2024-12-01T19:26:37.847322200,RoofZone_SmartRopeNode2,Started Publishing (1) packets to Control Node [RoofZone_MasterNode]
2024-12-01T19:26:37.887119600,RoofZone_SmartRopeNode2,Done Publishing (1) packets to Control Node [RoofZone_MasterNode]
2024-12-01T19:26:38.404407600,RoofZone_SmartRopeNode2,Started Publishing (1) packets to Control Node [RoofZone_MasterNode]
2024-12-01T19:26:38.434122800,RoofZone_SmartRopeNode2,Done Publishing (1) packets to Control Node [RoofZone_MasterNode]
2024-12-01T19:26:38.950077900,RoofZone_SmartRopeNode2,Started Publishing (1) packets to Control Node [RoofZone_MasterNode]
2024-12-01T19:26:38.980336100,RoofZone_SmartRopeNode2,Done Publishing (1) packets to Control Node [RoofZone_MasterNode]
2024-12-01T19:26:39.494893400,RoofZone_SmartRopeNode2,Started Publishing (1) packets to Control Node [RoofZone_MasterNode]
2024-12-01T19:26:39.525674300,RoofZone_SmartRopeNode2,Done Publishing (1) packets to Control Node [RoofZone_MasterNode]
2024-12-01T19:26:40.038627300,RoofZone_SmartRopeNode2,Started Publishing (1) packets to Control Node [RoofZone_MasterNode]
2024-12-01T19:26:40.065283500,RoofZone_SmartRopeNode2,Done Publishing (1) packets to Control Node [RoofZone_MasterNode]
2024-12-01T19:26:40.571686500,RoofZone_SmartRopeNode2,Started Publishing (1) packets to Control Node [RoofZone_MasterNode]
2024-12-01T19:26:40.612922,RoofZone_SmartRopeNode2,Done Publishing (1) packets to Control Node [RoofZone_MasterNode]
2024-12-01T19:26:41.128018,RoofZone_SmartRopeNode2,Started Publishing (1) packets to Control Node [RoofZone_MasterNode]
2024-12-01T19:26:41.153700400,RoofZone_SmartRopeNode2,Done Publishing (1) packets to Control Node [RoofZone_MasterNode]
2024-12-01T19:26:41.659280600,RoofZone_SmartRopeNode2,Started Publishing (1) packets to Control Node [RoofZone_MasterNode]
2024-12-01T19:26:41.690552700,RoofZone_SmartRopeNode2,Done Publishing (1) packets to Control Node [RoofZone_MasterNode]
2024-12-01T19:26:42.204380,RoofZone_SmartRopeNode2,Started Publishing (1) packets to Control Node [RoofZone_MasterNode]
2024-12-01T19:26:42.235347,RoofZone_SmartRopeNode2,Done Publishing (1) packets to Control Node [RoofZone_MasterNode]
2024-12-01T19:26:42.741104800,RoofZone_SmartRopeNode2,Started Publishing (1) packets to Control Node [RoofZone_MasterNode]
2024-12-01T19:26:42.777901700,RoofZone_SmartRopeNode2,Done Publishing (1) packets to Control Node [RoofZone_MasterNode]
2024-12-01T19:26:43.293450500,RoofZone_SmartRopeNode2,Started Publishing (1) packets to Control Node [RoofZone_MasterNode]
2024-12-01T19:26:43.324346,RoofZone_SmartRopeNode2,Done Publishing (1) packets to Control Node [RoofZone_MasterNode]
2024-12-01T19:26:43.841750400,RoofZone_SmartRopeNode2,Started Publishing (1) packets to Control Node [RoofZone_MasterNode]
2024-12-01T19:26:43.867190600,RoofZone_SmartRopeNode2,Done Publishing (1) packets to Control Node [RoofZone_MasterNode]
2024-12-01T19:26:44.371267,RoofZone_SmartRopeNode2,Started Publishing (1) packets to Control Node [RoofZone_MasterNode]
2024-12-01T19:26:44.402265400,RoofZone_SmartRopeNode2,Done Publishing (1) packets to Control Node [RoofZone_MasterNode]
2024-12-01T19:26:44.903424100,RoofZone_SmartRopeNode2,Started Publishing (1) packets to Control Node [RoofZone_MasterNode]
2024-12-01T19:26:44.931387100,RoofZone_SmartRopeNode2,Done Publishing (1) packets to Control Node [RoofZone_MasterNode]
2024-12-01T19:26:45.432080900,RoofZone_SmartRopeNode2,Started Publishing (1) packets to Control Node [RoofZone_MasterNode]
2024-12-01T19:26:45.459187400,RoofZone_SmartRopeNode2,Done Publishing (1) packets to Control Node [RoofZone_MasterNode]
2024-12-01T19:26:45.963720,RoofZone_SmartRopeNode2,Started Publishing (1) packets to Control Node [RoofZone_MasterNode]
2024-12-01T19:26:45.991733400,RoofZone_SmartRopeNode2,Done Publishing (1) packets to Control Node [RoofZone_MasterNode]
2024-12-01T19:26:46.494767100,RoofZone_SmartRopeNode2,Started Publishing (1) packets to Control Node [RoofZone_MasterNode]
2024-12-01T19:26:46.525791500,RoofZone_SmartRopeNode2,Done Publishing (1) packets to Control Node [RoofZone_MasterNode]
2024-12-01T19:26:47.040835800,RoofZone_SmartRopeNode2,Started Publishing (1) packets to Control Node [RoofZone_MasterNode]
2024-12-01T19:26:47.070950100,RoofZone_SmartRopeNode2,Done Publishing (1) packets to Control Node [RoofZone_MasterNode]
2024-12-01T19:26:47.572982400,RoofZone_SmartRopeNode2,Started Publishing (1) packets to Control Node [RoofZone_MasterNode]
2024-12-01T19:26:47.598056600,RoofZone_SmartRopeNode2,Done Publishing (1) packets to Control Node [RoofZone_MasterNode]
