Timestamp,Object Name,Connected Device 0,Switch 0 Status
2024-12-01T19:26:32.209411300,Zone2_BuzzerNode_actuator,Zone2_BuzzerNode_actuator_buzzer,false
2024-12-01T19:26:32.813080700,Zone2_BuzzerNode_actuator,Zone2_BuzzerNode_actuator_buzzer,false
2024-12-01T19:26:33.328313400,Zone2_BuzzerNode_actuator,Zone2_BuzzerNode_actuator_buzzer,false
2024-12-01T19:26:33.830031600,Zone2_BuzzerNode_actuator,Zone2_BuzzerNode_actuator_buzzer,false
2024-12-01T19:26:34.331490300,Zone2_BuzzerNode_actuator,Zone2_BuzzerNode_actuator_buzzer,false
2024-12-01T19:26:34.844320800,Zone2_BuzzerNode_actuator,Zone2_BuzzerNode_actuator_buzzer,false
2024-12-01T19:26:35.345465600,Zone2_BuzzerNode_actuator,Zone2_BuzzerNode_actuator_buzzer,false
2024-12-01T19:26:35.861136700,Zone2_BuzzerNode_actuator,Zone2_BuzzerNode_actuator_buzzer,false
2024-12-01T19:26:36.374134300,Zone2_BuzzerNode_actuator,Zone2_BuzzerNode_actuator_buzzer,false
2024-12-01T19:26:36.876705400,Zone2_BuzzerNode_actuator,Zone2_BuzzerNode_actuator_buzzer,false
2024-12-01T19:26:37.388876300,Zone2_BuzzerNode_actuator,Zone2_BuzzerNode_actuator_buzzer,false
2024-12-01T19:26:37.904938400,Zone2_BuzzerNode_actuator,Zone2_BuzzerNode_actuator_buzzer,false
2024-12-01T19:26:38.418126100,Zone2_BuzzerNode_actuator,Zone2_BuzzerNode_actuator_buzzer,false
2024-12-01T19:26:38.920684900,Zone2_BuzzerNode_actuator,Zone2_BuzzerNode_actuator_buzzer,false
2024-12-01T19:26:39.431123700,Zone2_BuzzerNode_actuator,Zone2_BuzzerNode_actuator_buzzer,false
2024-12-01T19:26:39.945074900,Zone2_BuzzerNode_actuator,Zone2_BuzzerNode_actuator_buzzer,false
2024-12-01T19:26:40.457531500,Zone2_BuzzerNode_actuator,Zone2_BuzzerNode_actuator_buzzer,false
2024-12-01T19:26:40.971542600,Zone2_BuzzerNode_actuator,Zone2_BuzzerNode_actuator_buzzer,false
2024-12-01T19:26:41.484089500,Zone2_BuzzerNode_actuator,Zone2_BuzzerNode_actuator_buzzer,false
2024-12-01T19:26:41.985234800,Zone2_BuzzerNode_actuator,Zone2_BuzzerNode_actuator_buzzer,false
2024-12-01T19:26:42.501313400,Zone2_BuzzerNode_actuator,Zone2_BuzzerNode_actuator_buzzer,false
2024-12-01T19:26:43.014052200,Zone2_BuzzerNode_actuator,Zone2_BuzzerNode_actuator_buzzer,false
2024-12-01T19:26:43.528620,Zone2_BuzzerNode_actuator,Zone2_BuzzerNode_actuator_buzzer,false
2024-12-01T19:26:44.044091900,Zone2_BuzzerNode_actuator,Zone2_BuzzerNode_actuator_buzzer,false
2024-12-01T19:26:44.557633300,Zone2_BuzzerNode_actuator,Zone2_BuzzerNode_actuator_buzzer,false
2024-12-01T19:26:45.072573,Zone2_BuzzerNode_actuator,Zone2_BuzzerNode_actuator_buzzer,false
2024-12-01T19:26:45.586878200,Zone2_BuzzerNode_actuator,Zone2_BuzzerNode_actuator_buzzer,false
2024-12-01T19:26:46.101719400,Zone2_BuzzerNode_actuator,Zone2_BuzzerNode_actuator_buzzer,false
2024-12-01T19:26:46.604503200,Zone2_BuzzerNode_actuator,Zone2_BuzzerNode_actuator_buzzer,false
2024-12-01T19:26:47.117966300,Zone2_BuzzerNode_actuator,Zone2_BuzzerNode_actuator_buzzer,false
2024-12-01T19:26:47.632042400,Zone2_BuzzerNode_actuator,Zone2_BuzzerNode_actuator_buzzer,false
